-- phpMyAdmin SQL Dump
-- version 4.8.2
-- https://www.phpmyadmin.net/
--
-- Host: localhost:8889
-- Generation Time: 2018-11-14 08:41:49
-- 服务器版本： 5.7.21
-- PHP Version: 7.2.7

SET SQL_MODE = "NO_AUTO_VALUE_ON_ZERO";
SET time_zone = "+00:00";

--
-- Database: `holiday`
--

-- --------------------------------------------------------

--
-- 表的结构 `holiday`
--

CREATE TABLE `holiday` (
  `name` varchar(100) NOT NULL COMMENT '姓名',
  `department` varchar(100) DEFAULT NULL COMMENT '部门',
  `initdate` date NOT NULL COMMENT '参与工作时间',
  `indate` date DEFAULT NULL COMMENT '入司时间',
  `Companyage` int(11) NOT NULL DEFAULT '0' COMMENT '公司工龄',
  `Totalage` int(11) NOT NULL DEFAULT '0' COMMENT '社会工龄',
  `Totalday` int(11) DEFAULT '0' COMMENT '可休假总天数',
  `Lastyear` int(11) DEFAULT '0' COMMENT '今年可休假总天数',
  `Thisyear` int(11) DEFAULT '0' COMMENT '上一年可休假总天数',
  `Bonus` int(11) DEFAULT '0' COMMENT '荣誉休假总天数',
  `Used` int(11) DEFAULT '0' COMMENT '已休假天数',
  `Rest` int(11) DEFAULT '0' COMMENT '未休假天数',
  `initflag` int(1) NOT NULL DEFAULT '0' COMMENT '初始化标志，1为已初始化，0为未初始化',
  `Jan` int(11) NOT NULL DEFAULT '0' COMMENT '一月休假已天数',
  `Feb` int(11) NOT NULL DEFAULT '0' COMMENT '二月休假已天数',
  `Mar` int(11) NOT NULL DEFAULT '0' COMMENT '三月休假已天数',
  `Apr` int(11) NOT NULL DEFAULT '0' COMMENT '四月休假已天数',
  `May` int(11) NOT NULL DEFAULT '0' COMMENT '五月休假已天数',
  `Jun` int(11) NOT NULL DEFAULT '0' COMMENT '六月休假已天数',
  `Jul` int(11) NOT NULL DEFAULT '0' COMMENT '七月休假已天数',
  `Aug` int(11) NOT NULL DEFAULT '0' COMMENT '八月休假已天数',
  `Sep` int(11) NOT NULL DEFAULT '0' COMMENT '九月休假已天数',
  `Oct` int(11) NOT NULL DEFAULT '0' COMMENT '十月休假已天数',
  `Nov` int(11) DEFAULT '0' COMMENT '十一月休假已天数',
  `Dece` int(11) NOT NULL DEFAULT '0' COMMENT '十二月休假已天数',
  `user_id` varchar(18) NOT NULL COMMENT '身份证号'
) ENGINE=InnoDB DEFAULT CHARSET=utf8;

--
-- 转存表中的数据 `holiday`
--

INSERT INTO `holiday` (`name`, `department`, `initdate`, `indate`, `Companyage`, `Totalage`, `Totalday`, `Lastyear`, `Thisyear`, `Bonus`, `Used`, `Rest`, `initflag`, `Jan`, `Feb`, `Mar`, `Apr`, `May`, `Jun`, `Jul`, `Aug`, `Sep`, `Oct`, `Nov`, `Dece`, `user_id`) VALUES
('丁文美', '火炬开发区分公司', '2012-07-01', '2014-10-15', 4, 6, 5, 0, 5, 0, 0, 5, 1, 0, 0, 0, 0, 0, 0, 0, 0, 0, 0, 0, 0, '320121199108012920'),
('万佳友', '东部家庭互联网营服公司', '2009-09-01', '2010-03-16', 8, 9, 5, 0, 5, 0, 0, 5, 1, 0, 0, 0, 0, 0, 0, 0, 0, 0, 0, 0, 0, '43072119861207311X'),
('万倩', '营业中心', '2015-07-06', '2015-07-06', 3, 3, 5, 0, 5, 0, 0, 5, 1, 0, 0, 0, 0, 0, 0, 0, 0, 0, 0, 0, 0, '421302198908194242'),
('严开明', '营业中心/三乡片区', '2018-03-13', '2018-03-13', 0, 0, 0, 0, 0, 0, 0, 0, 1, 0, 0, 0, 0, 0, 0, 0, 0, 0, 0, 0, 0, '44042119971103807X'),
('严开珍', '营业中心/南片区', '2015-08-24', '2015-08-24', 3, 3, 5, 0, 5, 0, 0, 5, 1, 0, 0, 0, 0, 0, 0, 0, 0, 0, 0, 0, 0, '440421199302238089'),
('严敏仪', '营业中心/南片区', '2005-03-01', '2014-01-21', 4, 13, 5, 0, 5, 0, 0, 5, 1, 0, 0, 0, 0, 0, 0, 0, 0, 0, 0, 0, 0, '440684198705090041'),
('严权伟', '三乡公众营销服务公司', '2016-05-25', '2016-05-25', 2, 2, 5, 0, 5, 0, 0, 5, 1, 0, 0, 0, 0, 0, 0, 0, 0, 0, 0, 0, 0, '441423199308041416'),
('严淑妍', '客户服务部', '1999-07-01', '2003-03-01', 15, 19, 10, 0, 10, 0, 0, 10, 1, 0, 0, 0, 0, 0, 0, 0, 0, 0, 0, 0, 0, '442000197907192043'),
('严淑娴', '营业中心', '1996-08-01', '2000-03-28', 18, 22, 10, 0, 10, 0, 0, 10, 1, 0, 0, 0, 0, 0, 0, 0, 0, 0, 0, 0, 0, '442000197710012045'),
('严燕媚', '战略客户部', '2011-11-01', '2016-05-26', 2, 7, 5, 0, 5, 0, 0, 5, 1, 0, 0, 0, 0, 0, 0, 0, 0, 0, 0, 0, 0, '450821199304082560'),
('仇亦彤', '营业中心/中片区', '2015-09-08', '2015-09-08', 3, 3, 5, 0, 5, 0, 0, 5, 1, 0, 0, 0, 0, 0, 0, 0, 0, 0, 0, 0, 0, '440902199308190125'),
('任友全', '坦洲神湾公众营销服务公司', '2011-07-01', '2011-03-17', 7, 7, 5, 0, 5, 0, 0, 5, 1, 0, 0, 0, 0, 0, 0, 0, 0, 0, 0, 0, 0, '42068319861001701X'),
('任清华', '小榄公众营销服务公司', '2015-11-14', '2015-11-14', 3, 3, 5, 0, 5, 0, 0, 5, 1, 0, 0, 0, 0, 0, 0, 0, 0, 0, 0, 0, 0, '440981199111034634'),
('伍泳霞', '营业中心/北片区', '2001-12-01', '2004-12-13', 13, 16, 10, 0, 10, 0, 0, 10, 1, 0, 0, 0, 0, 0, 0, 0, 0, 0, 0, 0, 0, '442000198308105205'),
('伍维聪', '城区分公司', '2015-06-29', '2015-06-29', 3, 3, 5, 0, 5, 0, 0, 5, 1, 0, 0, 0, 0, 0, 0, 0, 0, 0, 0, 0, 0, '440823199307070072'),
('何一璇', '财务与投资部', '1989-09-01', '1998-04-01', 20, 29, 15, 0, 15, 0, 0, 15, 1, 0, 0, 0, 0, 0, 0, 0, 0, 0, 0, 0, 0, '44012619681028274X'),
('何东海', '营业中心/中片区', '2010-08-01', '2015-07-01', 3, 8, 5, 0, 5, 0, 0, 5, 1, 0, 0, 0, 0, 0, 0, 0, 0, 0, 0, 0, 0, '441422198707140015'),
('何仙', '营业中心/北片区', '2012-07-19', '2012-07-19', 6, 6, 5, 0, 5, 0, 0, 5, 1, 0, 0, 0, 0, 0, 0, 0, 0, 0, 0, 0, 0, '420982198909096023'),
('何伟珍', '营业中心/城区', '2012-08-01', '2013-10-17', 5, 6, 5, 0, 5, 0, 0, 5, 1, 0, 0, 0, 0, 0, 0, 0, 0, 0, 0, 0, 0, '44098119890426112X'),
('何佩嫦', '营业中心/中片区', '1997-07-01', '2005-03-14', 13, 21, 10, 0, 10, 0, 0, 10, 1, 0, 0, 0, 0, 0, 0, 0, 0, 0, 0, 0, 0, '44200019781106838X'),
('何健坤', '城区分公司', '1993-09-01', '2001-07-01', 17, 25, 10, 0, 10, 0, 0, 10, 1, 0, 0, 0, 0, 0, 0, 0, 0, 0, 0, 0, 0, '442000197412090010'),
('何兵梅', '综合部', '2009-11-01', '2016-03-11', 2, 9, 5, 0, 5, 0, 0, 5, 1, 0, 0, 0, 0, 0, 0, 0, 0, 0, 0, 0, 0, '441226199106012623'),
('何凤萍', '客户服务部', '2003-06-01', '2003-06-07', 15, 15, 10, 0, 10, 0, 0, 10, 1, 0, 0, 0, 0, 0, 0, 0, 0, 0, 0, 0, 0, '442000198110170327'),
('何孝君', '火炬南朗公众营销服务公司', '2000-03-01', '2004-04-09', 14, 18, 10, 0, 10, 0, 0, 10, 1, 0, 0, 0, 0, 0, 0, 0, 0, 0, 0, 0, 0, '422801197803021836'),
('何孟云', '综合部', '1982-09-01', '2000-12-01', 17, 36, 10, 0, 10, 0, 0, 10, 1, 0, 0, 0, 0, 0, 0, 0, 0, 0, 0, 0, 0, '442000196412188152'),
('何就全', '营业中心/东片区', '2015-11-25', '2016-03-08', 2, 2, 5, 0, 5, 0, 0, 5, 1, 0, 0, 0, 0, 0, 0, 0, 0, 0, 0, 0, 0, '442000199101064076'),
('何德鉴', '运行维护部/宽带客户一站式支撑中心', '2008-07-01', '2008-07-01', 10, 10, 10, 0, 10, 0, 0, 10, 1, 0, 0, 0, 0, 0, 0, 0, 0, 0, 0, 0, 0, '442000198507091272'),
('何志荣', '火炬南朗公众营销服务公司', '2003-12-01', '2003-12-01', 14, 14, 10, 0, 10, 0, 0, 10, 1, 0, 0, 0, 0, 0, 0, 0, 0, 0, 0, 0, 0, '44200019850607733X'),
('何敏芳', '南头黄圃公众营销服务公司', '2003-09-30', '2007-05-01', 11, 15, 10, 0, 10, 0, 0, 10, 1, 0, 0, 0, 0, 0, 0, 0, 0, 0, 0, 0, 0, '442000198011233687'),
('何文枝', '营业中心/东片区', '2015-12-02', '2016-03-02', 2, 2, 5, 0, 5, 0, 0, 5, 1, 0, 0, 0, 0, 0, 0, 0, 0, 0, 0, 0, 0, '442000199103074032'),
('何易娟', '运行维护部', '2007-07-10', '2007-07-01', 11, 11, 10, 0, 10, 0, 0, 10, 1, 0, 0, 0, 0, 0, 0, 0, 0, 0, 0, 0, 0, '360728198311300063'),
('何永生', '火炬开发区分公司', '1996-07-28', '2002-12-28', 15, 22, 10, 0, 10, 0, 0, 10, 1, 0, 0, 0, 0, 0, 0, 0, 0, 0, 0, 0, 0, '442000197312280714'),
('何洪章', '小榄公众营销服务公司', '2004-07-01', '2004-12-01', 13, 14, 10, 0, 10, 0, 0, 10, 1, 0, 0, 0, 0, 0, 0, 0, 0, 0, 0, 0, 0, '44200019820320547X'),
('何湛富', '古镇公众营销服务公司', '2008-07-01', '2008-07-01', 10, 10, 10, 0, 10, 0, 0, 10, 1, 0, 0, 0, 0, 0, 0, 0, 0, 0, 0, 0, 0, '442000198501305196'),
('何舜杨', '网络建设部', '2008-07-01', '2008-07-01', 10, 10, 10, 0, 10, 0, 0, 10, 1, 0, 0, 0, 0, 0, 0, 0, 0, 0, 0, 0, 0, '442000198603105451'),
('何贵湖', '城区分公司', '2010-11-01', '2014-07-01', 4, 8, 5, 0, 5, 0, 0, 5, 1, 0, 0, 0, 0, 0, 0, 0, 0, 0, 0, 0, 0, '44200019860724765X'),
('何迎芝', '人力资源部', '2003-08-01', '2014-11-13', 4, 15, 5, 0, 5, 0, 0, 5, 1, 0, 0, 0, 0, 0, 0, 0, 0, 0, 0, 0, 0, '442000198502280541'),
('何锐锋', '东凤阜沙公众营销服务公司', '2009-09-01', '2009-11-01', 9, 9, 5, 0, 5, 0, 0, 5, 1, 0, 0, 0, 0, 0, 0, 0, 0, 0, 0, 0, 0, '442000198710194293'),
('余倩莹', '营业中心/南片区', '2015-10-12', '2016-05-31', 2, 3, 5, 0, 5, 0, 0, 5, 1, 0, 0, 0, 0, 0, 0, 0, 0, 0, 0, 0, 0, '44200019900404126X'),
('余建洲', '坦洲神湾公众营销服务公司', '2010-12-01', '2012-05-07', 6, 7, 5, 0, 5, 0, 0, 5, 1, 0, 0, 0, 0, 0, 0, 0, 0, 0, 0, 0, 0, '441501198911286074'),
('余敏', '人力资源部', '1990-05-01', '1997-07-01', 21, 28, 15, 0, 15, 0, 0, 15, 1, 0, 0, 0, 0, 0, 0, 0, 0, 0, 0, 0, 0, '532501197007310628'),
('余晓聪', '三角分公司', '2011-12-01', '2012-07-16', 6, 6, 5, 0, 5, 0, 0, 5, 1, 0, 0, 0, 0, 0, 0, 0, 0, 0, 0, 0, 0, '445102198912021711'),
('余泳欣', '客户服务部', '1994-08-01', '2001-08-16', 17, 24, 10, 0, 10, 0, 0, 10, 1, 0, 0, 0, 0, 0, 0, 0, 0, 0, 0, 0, 0, '442000197601271267'),
('余粤宾', '三乡分公司', '1993-02-01', '1998-01-01', 20, 25, 15, 0, 15, 0, 0, 15, 1, 0, 0, 0, 0, 0, 0, 0, 0, 0, 0, 0, 0, '442000197403186117'),
('余绮娜', '营业中心/西片区', '2013-11-25', '2015-04-27', 3, 4, 5, 0, 5, 0, 0, 5, 1, 0, 0, 0, 0, 0, 0, 0, 0, 0, 0, 0, 0, '442000199301216425'),
('余芬', '营业中心/北片区', '2012-06-01', '2012-06-25', 6, 6, 5, 0, 5, 0, 0, 5, 1, 0, 0, 0, 0, 0, 0, 0, 0, 0, 0, 0, 0, '441827199003105121'),
('余钊辉', '南部家庭互联网营服公司', '2007-08-01', '2008-04-28', 10, 11, 10, 0, 10, 0, 0, 10, 1, 0, 0, 0, 0, 0, 0, 0, 0, 0, 0, 0, 0, '445122198304050135'),
('余霞', '综合部', '1994-07-01', '2001-09-21', 17, 24, 10, 0, 10, 0, 0, 10, 1, 0, 0, 0, 0, 0, 0, 0, 0, 0, 0, 0, 0, '510214197303183029'),
('侯健邦', '政企客户事业部', '2014-07-02', '2014-07-02', 4, 4, 5, 0, 5, 0, 0, 5, 1, 0, 0, 0, 0, 0, 0, 0, 0, 0, 0, 0, 0, '632223199110030039'),
('侯锡坚', '企业信息化营销服务中心', '2008-08-01', '2009-10-01', 9, 10, 5, 0, 5, 0, 0, 5, 1, 0, 0, 0, 0, 0, 0, 0, 0, 0, 0, 0, 0, '442000198512095198'),
('俞雀', '城区分公司', '1985-03-01', '1997-08-01', 21, 33, 15, 0, 15, 0, 0, 15, 1, 0, 0, 0, 0, 0, 0, 0, 0, 0, 0, 0, 0, '44023319660313003X'),
('关卓钧', '存量经营与大数据挖掘中心', '2017-07-03', '2017-07-01', 1, 1, 5, 0, 5, 0, 0, 5, 1, 0, 0, 0, 0, 0, 0, 0, 0, 0, 0, 0, 0, '442000199106107653'),
('关友亮', '系统集成中心', '2010-07-01', '2010-07-01', 8, 8, 5, 0, 5, 0, 0, 5, 1, 0, 0, 0, 0, 0, 0, 0, 0, 0, 0, 0, 0, '442000198707162055'),
('关嘉伟', '销售部', '2015-04-01', '2015-10-27', 3, 3, 5, 0, 5, 0, 0, 5, 1, 0, 0, 0, 0, 0, 0, 0, 0, 0, 0, 0, 0, '442000199210257168'),
('关海利', '火炬开发区分公司', '2014-11-13', '2015-09-11', 3, 4, 5, 0, 5, 0, 0, 5, 1, 0, 0, 0, 0, 0, 0, 0, 0, 0, 0, 0, 0, '442000199211053802'),
('关润兴', '营业中心/北片区', '2011-05-01', '2013-05-02', 5, 7, 5, 0, 5, 0, 0, 5, 1, 0, 0, 0, 0, 0, 0, 0, 0, 0, 0, 0, 0, '442000199007027164'),
('冯健强', '营业中心/城区片区', '2015-06-01', '2018-05-28', 0, 3, 0, 0, 0, 0, 0, 0, 1, 0, 0, 0, 0, 0, 0, 0, 0, 0, 0, 0, 0, '442000199311103299'),
('冯嘉荣', '营业中心/南片区', '2015-09-21', '2015-09-21', 3, 3, 5, 0, 5, 0, 0, 5, 1, 0, 0, 0, 0, 0, 0, 0, 0, 0, 0, 0, 0, '442000199208220972'),
('冯天梅', '营业中心/中片区', '2014-09-01', '2016-05-31', 2, 4, 5, 0, 5, 0, 0, 5, 1, 0, 0, 0, 0, 0, 0, 0, 0, 0, 0, 0, 0, '440921199007233565'),
('冯德珠', '营业中心/城区', '2010-06-01', '2014-06-05', 4, 8, 5, 0, 5, 0, 0, 5, 1, 0, 0, 0, 0, 0, 0, 0, 0, 0, 0, 0, 0, '441721198906282067'),
('冯振聪', '综合部', '2009-12-01', '2016-08-25', 2, 8, 5, 0, 5, 0, 0, 5, 1, 0, 0, 0, 0, 0, 0, 0, 0, 0, 0, 0, 0, '442000199203177354'),
('冯春燕', '客户服务部', '1992-07-01', '2004-05-01', 14, 26, 10, 0, 10, 0, 0, 10, 1, 0, 0, 0, 0, 0, 0, 0, 0, 0, 0, 0, 0, '442000197404260745'),
('冯晓锋', '客户服务部', '2007-07-09', '2007-07-09', 11, 11, 10, 0, 10, 0, 0, 10, 1, 0, 0, 0, 0, 0, 0, 0, 0, 0, 0, 0, 0, '441621197510054017'),
('冯景华', '东部家庭互联网营服公司', '2010-08-01', '2011-10-17', 7, 8, 5, 0, 5, 0, 0, 5, 1, 0, 0, 0, 0, 0, 0, 0, 0, 0, 0, 0, 0, '442000198609192592'),
('冯汝佳', '横栏公众营销服务公司', '2003-10-08', '2003-10-08', 15, 15, 10, 0, 10, 0, 0, 10, 1, 0, 0, 0, 0, 0, 0, 0, 0, 0, 0, 0, 0, '442000198107058158'),
('冯莹莹', '小榄分公司', '2000-03-01', '2011-03-16', 7, 18, 5, 0, 5, 0, 0, 5, 1, 0, 0, 0, 0, 0, 0, 0, 0, 0, 0, 0, 0, '440882198111280022'),
('冯锦洪', '古镇分公司', '2006-07-01', '2012-05-02', 6, 12, 5, 0, 5, 0, 0, 5, 1, 0, 0, 0, 0, 0, 0, 0, 0, 0, 0, 0, 0, '442000198312106198'),
('冯雪香', '人力资源部', '2013-07-01', '2013-07-01', 5, 5, 5, 0, 5, 0, 0, 5, 1, 0, 0, 0, 0, 0, 0, 0, 0, 0, 0, 0, 0, '440603199101193847'),
('冼嘉亮', '运行维护部', '2016-07-04', '2016-07-04', 2, 2, 5, 0, 5, 0, 0, 5, 1, 0, 0, 0, 0, 0, 0, 0, 0, 0, 0, 0, 0, '440681199309040814'),
('凌志康', '网络建设部', '1999-07-01', '1999-07-01', 19, 19, 10, 0, 10, 0, 0, 10, 1, 0, 0, 0, 0, 0, 0, 0, 0, 0, 0, 0, 0, '442000197603274234'),
('刘丽平', '纪委', '2000-07-01', '2000-07-01', 18, 18, 10, 0, 10, 0, 0, 10, 1, 0, 0, 0, 0, 0, 0, 0, 0, 0, 0, 0, 0, '44142519770910176X'),
('刘佩斐', '市场部/业务支撑中心', '1996-07-01', '2002-02-05', 16, 22, 10, 0, 10, 0, 0, 10, 1, 0, 0, 0, 0, 0, 0, 0, 0, 0, 0, 0, 0, '367401197511030323'),
('刘佳容', '人力资源部', '2010-03-29', '2010-03-29', 8, 8, 5, 0, 5, 0, 0, 5, 1, 0, 0, 0, 0, 0, 0, 0, 0, 0, 0, 0, 0, '441521198705154121'),
('刘倩红', '营业中心/城区', '2011-04-01', '2014-06-05', 4, 7, 5, 0, 5, 0, 0, 5, 1, 0, 0, 0, 0, 0, 0, 0, 0, 0, 0, 0, 0, '44200019870629884X'),
('刘力平', '运行维护部/宽带客户一站式支撑中心', '2006-04-01', '2009-03-16', 9, 12, 5, 0, 5, 0, 0, 5, 1, 0, 0, 0, 0, 0, 0, 0, 0, 0, 0, 0, 0, '44200019840804661X'),
('刘启平', '信息化服务中心', '2001-07-01', '2001-07-01', 17, 17, 10, 0, 10, 0, 0, 10, 1, 0, 0, 0, 0, 0, 0, 0, 0, 0, 0, 0, 0, '511022197704297051'),
('刘嘉露', '存量经营与大数据挖掘中心', '2010-03-01', '2011-11-07', 7, 8, 5, 0, 5, 0, 0, 5, 1, 0, 0, 0, 0, 0, 0, 0, 0, 0, 0, 0, 0, '442000198807280542'),
('刘国群', '城区分公司', '1993-07-01', '2011-04-07', 7, 25, 5, 0, 5, 0, 0, 5, 1, 0, 0, 0, 0, 0, 0, 0, 0, 0, 0, 0, 0, '442000197302210544'),
('刘坤荣', '南区板芙公众营销服务公司', '2011-12-30', '2011-12-30', 6, 6, 5, 0, 5, 0, 0, 5, 1, 0, 0, 0, 0, 0, 0, 0, 0, 0, 0, 0, 0, '445121198802145931'),
('刘娟', '政企客户事业部', '2015-07-03', '2015-07-03', 3, 3, 5, 0, 5, 0, 0, 5, 1, 0, 0, 0, 0, 0, 0, 0, 0, 0, 0, 0, 0, '420117198805010829'),
('刘子健', '中部家庭互联网营服公司', '2014-05-27', '2014-05-27', 4, 4, 5, 0, 5, 0, 0, 5, 1, 0, 0, 0, 0, 0, 0, 0, 0, 0, 0, 0, 0, '442000199108270534'),
('刘学生', '运行维护部', '2002-07-01', '2002-07-01', 16, 16, 10, 0, 10, 0, 0, 10, 1, 0, 0, 0, 0, 0, 0, 0, 0, 0, 0, 0, 0, '642124197812251737'),
('刘宏武', '南区板芙公众营销服务公司', '2015-06-18', '2015-06-18', 3, 3, 5, 0, 5, 0, 0, 5, 1, 0, 0, 0, 0, 0, 0, 0, 0, 0, 0, 0, 0, '440582199104066915'),
('刘宝燕', '营业中心/城区', '2015-03-30', '2015-03-30', 3, 3, 5, 0, 5, 0, 0, 5, 1, 0, 0, 0, 0, 0, 0, 0, 0, 0, 0, 0, 0, '442000199312097345'),
('刘广芬', '营业中心/城区', '2017-03-01', '2017-06-19', 1, 1, 5, 0, 5, 0, 0, 5, 1, 0, 0, 0, 0, 0, 0, 0, 0, 0, 0, 0, 0, '440881199308045120'),
('刘建文', '网络建设部', '1991-07-01', '1997-03-01', 21, 27, 15, 0, 15, 0, 0, 15, 1, 0, 0, 0, 0, 0, 0, 0, 0, 0, 0, 0, 0, '430223196704043512'),
('刘志凯', '营业中心/西片区', '2015-11-20', '2016-11-04', 2, 2, 5, 0, 5, 0, 0, 5, 1, 0, 0, 0, 0, 0, 0, 0, 0, 0, 0, 0, 0, '442000199301306631'),
('刘恒', '销售部', '2011-07-01', '2011-07-01', 7, 7, 5, 0, 5, 0, 0, 5, 1, 0, 0, 0, 0, 0, 0, 0, 0, 0, 0, 0, 0, '431126198812090045'),
('刘敬智', '财务与投资部/物资中心', '1995-08-01', '1998-01-01', 20, 23, 15, 0, 15, 0, 0, 15, 1, 0, 0, 0, 0, 0, 0, 0, 0, 0, 0, 0, 0, '442000197609180546'),
('刘文兵', '东升公众营销服务公司', '2009-07-01', '2012-10-22', 6, 9, 5, 0, 5, 0, 0, 5, 1, 0, 0, 0, 0, 0, 0, 0, 0, 0, 0, 0, 0, '429006198707297751'),
('刘曙', '三乡分公司', '2015-10-08', '2015-10-08', 3, 3, 5, 0, 5, 0, 0, 5, 1, 0, 0, 0, 0, 0, 0, 0, 0, 0, 0, 0, 0, '430624198910034534'),
('刘树铭', '运行维护部', '1990-08-01', '2001-03-01', 17, 28, 10, 0, 10, 0, 0, 10, 1, 0, 0, 0, 0, 0, 0, 0, 0, 0, 0, 0, 0, '44062019680812715X'),
('刘水清', '火炬开发区分公司', '2011-07-01', '2011-07-01', 7, 7, 5, 0, 5, 0, 0, 5, 1, 0, 0, 0, 0, 0, 0, 0, 0, 0, 0, 0, 0, '321323198806034537'),
('刘洁珊', '互联网发展中心', '2015-07-02', '2015-07-02', 3, 3, 5, 0, 5, 0, 0, 5, 1, 0, 0, 0, 0, 0, 0, 0, 0, 0, 0, 0, 0, '442000199305131584'),
('刘洪标', '东部家庭互联网营服公司', '2015-10-08', '2015-10-08', 3, 3, 5, 0, 5, 0, 0, 5, 1, 0, 0, 0, 0, 0, 0, 0, 0, 0, 0, 0, 0, '442000198806295611'),
('刘海媚', '营业中心/北片区', '2011-12-01', '2016-09-13', 2, 6, 5, 0, 5, 0, 0, 5, 1, 0, 0, 0, 0, 0, 0, 0, 0, 0, 0, 0, 0, '44088119890331102X'),
('刘清涛', '战略客户部', '2006-07-10', '2006-07-10', 12, 12, 10, 0, 10, 0, 0, 10, 1, 0, 0, 0, 0, 0, 0, 0, 0, 0, 0, 0, 0, '440223198210151119'),
('刘溢宏', '网络建设部', '1985-01-01', '1998-04-01', 20, 33, 15, 0, 15, 0, 0, 15, 1, 0, 0, 0, 0, 0, 0, 0, 0, 0, 0, 0, 0, '440620196709280714'),
('刘燕映', '客户服务部', '1996-07-01', '2001-07-01', 17, 22, 10, 0, 10, 0, 0, 10, 1, 0, 0, 0, 0, 0, 0, 0, 0, 0, 0, 0, 0, '442000197811048426'),
('刘琦', '信息化服务中心', '2003-08-03', '2003-08-03', 15, 15, 10, 0, 10, 0, 0, 10, 1, 0, 0, 0, 0, 0, 0, 0, 0, 0, 0, 0, 0, '441402197906021019'),
('刘璐', '城区公众营销服务公司', '2009-02-01', '2015-09-29', 3, 9, 5, 0, 5, 0, 0, 5, 1, 0, 0, 0, 0, 0, 0, 0, 0, 0, 0, 0, 0, '450404199003120326'),
('刘甜', '营业中心/中片区', '2013-04-01', '2015-07-06', 3, 5, 5, 0, 5, 0, 0, 5, 1, 0, 0, 0, 0, 0, 0, 0, 0, 0, 0, 0, 0, '36232219880501486X'),
('刘甫琴', '运行维护部', '2002-07-01', '2002-07-01', 16, 16, 10, 0, 10, 0, 0, 10, 1, 0, 0, 0, 0, 0, 0, 0, 0, 0, 0, 0, 0, '510214198009221770'),
('刘祖德', '市场部/业务支撑中心', '2010-07-01', '2010-07-01', 8, 8, 5, 0, 5, 0, 0, 5, 1, 0, 0, 0, 0, 0, 0, 0, 0, 0, 0, 0, 0, '430626198405292439'),
('刘立湘', '西区港口公众营销服务公司', '2016-10-19', '2016-10-19', 2, 2, 5, 0, 5, 0, 0, 5, 1, 0, 0, 0, 0, 0, 0, 0, 0, 0, 0, 0, 0, '44512119970604561X'),
('刘红', '运行维护部/宽带客户一站式支撑中心', '2008-07-01', '2010-07-29', 8, 10, 5, 0, 5, 0, 0, 5, 1, 0, 0, 0, 0, 0, 0, 0, 0, 0, 0, 0, 0, '511024198505185214'),
('刘红吉', '战略客户部', '2014-07-07', '2014-07-07', 4, 4, 5, 0, 5, 0, 0, 5, 1, 0, 0, 0, 0, 0, 0, 0, 0, 0, 0, 0, 0, '230521199110072527'),
('刘艳', '三乡分公司', '2007-09-01', '2011-03-09', 7, 11, 5, 0, 5, 0, 0, 5, 1, 0, 0, 0, 0, 0, 0, 0, 0, 0, 0, 0, 0, '412822198607161182'),
('刘荣昌', '南头黄圃公众营销服务公司', '2011-06-10', '2014-05-29', 4, 7, 5, 0, 5, 0, 0, 5, 1, 0, 0, 0, 0, 0, 0, 0, 0, 0, 0, 0, 0, '441423198910231015'),
('刘辕', '网络优化中心', '2009-07-01', '2009-07-01', 9, 9, 5, 0, 5, 0, 0, 5, 1, 0, 0, 0, 0, 0, 0, 0, 0, 0, 0, 0, 0, '360321198501026011'),
('刘迎凯', '城区分公司', '2004-01-01', '2011-02-18', 7, 14, 5, 0, 5, 0, 0, 5, 1, 0, 0, 0, 0, 0, 0, 0, 0, 0, 0, 0, 0, '442000197712210328'),
('刘雅静', '城区公众营销服务公司', '2004-01-01', '2004-01-10', 14, 14, 10, 0, 10, 0, 0, 10, 1, 0, 0, 0, 0, 0, 0, 0, 0, 0, 0, 0, 0, '442000198506156628'),
('刘颖', '财务与投资部', '1989-08-01', '1998-01-01', 20, 29, 15, 0, 15, 0, 0, 15, 1, 0, 0, 0, 0, 0, 0, 0, 0, 0, 0, 0, 0, '110108196709174243'),
('刘飞鹏', '中部家庭互联网营服公司', '1996-07-01', '2004-05-12', 14, 22, 10, 0, 10, 0, 0, 10, 1, 0, 0, 0, 0, 0, 0, 0, 0, 0, 0, 0, 0, '440229197408200071'),
('刘鹏辉', '网络优化中心', '2008-07-01', '2008-07-01', 10, 10, 10, 0, 10, 0, 0, 10, 1, 0, 0, 0, 0, 0, 0, 0, 0, 0, 0, 0, 0, '441781198308265917'),
('包先保', '三乡分公司', '2011-07-01', '2011-12-22', 6, 7, 5, 0, 5, 0, 0, 5, 1, 0, 0, 0, 0, 0, 0, 0, 0, 0, 0, 0, 0, '440229199004132219'),
('区燕婷', '营业中心/西片区', '2007-10-01', '2007-10-15', 11, 11, 10, 0, 10, 0, 0, 10, 1, 0, 0, 0, 0, 0, 0, 0, 0, 0, 0, 0, 0, '442000198712065700'),
('卢云杰', '小榄分公司', '2011-08-01', '2012-10-09', 6, 7, 5, 0, 5, 0, 0, 5, 1, 0, 0, 0, 0, 0, 0, 0, 0, 0, 0, 0, 0, '442000198909205631'),
('卢国强', '营业中心/东片区', '2015-06-20', '2016-12-05', 1, 3, 5, 0, 5, 0, 0, 5, 1, 0, 0, 0, 0, 0, 0, 0, 0, 0, 0, 0, 0, '442000199201214078'),
('卢沛玲', '营业中心/西片区', '2010-07-01', '2012-11-19', 5, 8, 5, 0, 5, 0, 0, 5, 1, 0, 0, 0, 0, 0, 0, 0, 0, 0, 0, 0, 0, '442000198807305703'),
('卢洁倩', '南头黄圃公众营销服务公司', '2000-02-01', '2001-07-01', 17, 18, 10, 0, 10, 0, 0, 10, 1, 0, 0, 0, 0, 0, 0, 0, 0, 0, 0, 0, 0, '440107198207100040'),
('卢艳', '三角分公司', '1998-07-01', '2003-07-01', 15, 20, 10, 0, 10, 0, 0, 10, 1, 0, 0, 0, 0, 0, 0, 0, 0, 0, 0, 0, 0, '51340119760320062X'),
('卢莹', '战略客户部', '2006-06-01', '2015-05-05', 3, 12, 5, 0, 5, 0, 0, 5, 1, 0, 0, 0, 0, 0, 0, 0, 0, 0, 0, 0, 0, '440181198404104247'),
('卢观婵', '营业中心/南片区', '2015-11-16', '2015-11-16', 2, 2, 5, 0, 5, 0, 0, 5, 1, 0, 0, 0, 0, 0, 0, 0, 0, 0, 0, 0, 0, '442000199302100969'),
('叶丽华', '北部家庭互联网营服公司', '2010-07-29', '2010-07-29', 8, 8, 5, 0, 5, 0, 0, 5, 1, 0, 0, 0, 0, 0, 0, 0, 0, 0, 0, 0, 0, '440782198603083345'),
('叶剑贞', '营业中心/东片区', '2001-12-01', '2001-12-17', 16, 16, 10, 0, 10, 0, 0, 10, 1, 0, 0, 0, 0, 0, 0, 0, 0, 0, 0, 0, 0, '442000198211032580'),
('叶家贤', '运行维护部', '2005-07-01', '2005-07-01', 13, 13, 10, 0, 10, 0, 0, 10, 1, 0, 0, 0, 0, 0, 0, 0, 0, 0, 0, 0, 0, '442000198309260637'),
('叶小娟', '财务与投资部', '2006-07-01', '2007-09-10', 11, 12, 10, 0, 10, 0, 0, 10, 1, 0, 0, 0, 0, 0, 0, 0, 0, 0, 0, 0, 0, '441625198411100540'),
('叶海霞', '运行维护部', '2001-07-01', '2001-07-01', 17, 17, 10, 0, 10, 0, 0, 10, 1, 0, 0, 0, 0, 0, 0, 0, 0, 0, 0, 0, 0, '46000319800102062X'),
('叶润生', '三乡分公司', '2001-10-01', '2004-03-29', 14, 17, 10, 0, 10, 0, 0, 10, 1, 0, 0, 0, 0, 0, 0, 0, 0, 0, 0, 0, 0, '440421197908161718'),
('叶笑梅', '营业中心/西片区', '2001-09-01', '2003-08-06', 15, 17, 10, 0, 10, 0, 0, 10, 1, 0, 0, 0, 0, 0, 0, 0, 0, 0, 0, 0, 0, '442000198205176107'),
('司徒春明', '运行维护部', '1987-07-01', '2002-08-01', 16, 31, 10, 0, 10, 0, 0, 10, 1, 0, 0, 0, 0, 0, 0, 0, 0, 0, 0, 0, 0, '440724196510054833'),
('司徒美华', '客户服务部', '1990-05-01', '2001-07-01', 17, 28, 10, 0, 10, 0, 0, 10, 1, 0, 0, 0, 0, 0, 0, 0, 0, 0, 0, 0, 0, '442000197303100726'),
('向昌海', '运行维护部', '1988-07-01', '1997-03-01', 21, 30, 15, 0, 15, 0, 0, 15, 1, 0, 0, 0, 0, 0, 0, 0, 0, 0, 0, 0, 0, '433101196512065513'),
('吕凤英', '古镇分公司', '2007-04-01', '2007-04-01', 11, 11, 10, 0, 10, 0, 0, 10, 1, 0, 0, 0, 0, 0, 0, 0, 0, 0, 0, 0, 0, '44200019861008576X'),
('吕凤萍', '营业中心/西片区', '2011-02-24', '2011-02-24', 7, 7, 5, 0, 5, 0, 0, 5, 1, 0, 0, 0, 0, 0, 0, 0, 0, 0, 0, 0, 0, '442000198905105764'),
('吕征', '战略客户部', '2000-07-01', '2003-08-01', 15, 18, 10, 0, 10, 0, 0, 10, 1, 0, 0, 0, 0, 0, 0, 0, 0, 0, 0, 0, 0, '330106197805134025'),
('吕晓艳', '政企客户事业部', '2000-07-01', '2011-04-11', 7, 18, 5, 0, 5, 0, 0, 5, 1, 0, 0, 0, 0, 0, 0, 0, 0, 0, 0, 0, 0, '410305197803023529'),
('吕盼', '销售部', '2013-02-01', '2014-02-26', 4, 5, 5, 0, 5, 0, 0, 5, 1, 0, 0, 0, 0, 0, 0, 0, 0, 0, 0, 0, 0, '421023199008092953'),
('吴倩文', '营业中心/南片区', '2011-08-29', '2011-08-29', 7, 7, 5, 0, 5, 0, 0, 5, 1, 0, 0, 0, 0, 0, 0, 0, 0, 0, 0, 0, 0, '442000198807234247'),
('吴兰芬', '三角分公司', '2003-12-01', '2003-12-01', 14, 14, 10, 0, 10, 0, 0, 10, 1, 0, 0, 0, 0, 0, 0, 0, 0, 0, 0, 0, 0, '442000198603012941'),
('吴凤群', '坦洲神湾公众营销服务公司', '2004-08-16', '2004-08-16', 14, 14, 10, 0, 10, 0, 0, 10, 1, 0, 0, 0, 0, 0, 0, 0, 0, 0, 0, 0, 0, '44200019840730092x'),
('吴宗', '家庭互联网中心', '2001-07-01', '2001-07-01', 17, 17, 10, 0, 10, 0, 0, 10, 1, 0, 0, 0, 0, 0, 0, 0, 0, 0, 0, 0, 0, '440923197810235416'),
('吴小兰', '营业中心/南片区', '2014-09-01', '2015-05-22', 3, 4, 5, 0, 5, 0, 0, 5, 1, 0, 0, 0, 0, 0, 0, 0, 0, 0, 0, 0, 0, '450481199212050427'),
('吴小群', '营业中心/南片区', '2008-04-01', '2016-08-19', 2, 10, 5, 0, 5, 0, 0, 5, 1, 0, 0, 0, 0, 0, 0, 0, 0, 0, 0, 0, 0, '442000198612070940'),
('吴小苗', '营业中心/南片区', '2009-07-01', '2010-09-13', 8, 9, 5, 0, 5, 0, 0, 5, 1, 0, 0, 0, 0, 0, 0, 0, 0, 0, 0, 0, 0, '441781198604075421'),
('吴建华', '古镇分公司', '2009-04-14', '2009-04-14', 9, 9, 5, 0, 5, 0, 0, 5, 1, 0, 0, 0, 0, 0, 0, 0, 0, 0, 0, 0, 0, '442000198604026122'),
('吴彤', '战略客户部', '1996-10-01', '2008-02-18', 10, 22, 10, 0, 10, 0, 0, 10, 1, 0, 0, 0, 0, 0, 0, 0, 0, 0, 0, 0, 0, '442000197801232967'),
('吴彩兰', '三角分公司', '1993-10-31', '2001-07-01', 17, 25, 10, 0, 10, 0, 0, 10, 1, 0, 0, 0, 0, 0, 0, 0, 0, 0, 0, 0, 0, '442000197008013304'),
('吴彩燕', '营业中心/南片区', '2003-10-01', '2004-02-24', 14, 15, 10, 0, 10, 0, 0, 10, 1, 0, 0, 0, 0, 0, 0, 0, 0, 0, 0, 0, 0, '442000198407200945'),
('吴志恩', '营业中心/东片区', '2015-07-01', '2016-07-17', 2, 3, 5, 0, 5, 0, 0, 5, 1, 0, 0, 0, 0, 0, 0, 0, 0, 0, 0, 0, 0, '442000199201032944'),
('吴志晓', '北部家庭互联网营服公司', '2010-07-01', '2010-07-01', 8, 8, 5, 0, 5, 0, 0, 5, 1, 0, 0, 0, 0, 0, 0, 0, 0, 0, 0, 0, 0, '460002198610182513'),
('吴惠群', '销售部', '1990-06-01', '1998-01-01', 20, 28, 15, 0, 15, 0, 0, 15, 1, 0, 0, 0, 0, 0, 0, 0, 0, 0, 0, 0, 0, '442000197111067669'),
('吴敏玲', '古镇分公司', '2000-11-01', '2005-08-01', 13, 18, 10, 0, 10, 0, 0, 10, 1, 0, 0, 0, 0, 0, 0, 0, 0, 0, 0, 0, 0, '440782198304145921'),
('吴晓华', '东凤阜沙公众营销服务公司', '2009-12-01', '2014-06-16', 4, 8, 5, 0, 5, 0, 0, 5, 1, 0, 0, 0, 0, 0, 0, 0, 0, 0, 0, 0, 0, '441882199104133310'),
('吴杰玲', '营业中心/中片区', '2013-01-17', '2013-01-17', 5, 5, 5, 0, 5, 0, 0, 5, 1, 0, 0, 0, 0, 0, 0, 0, 0, 0, 0, 0, 0, '441322198905202381'),
('吴松', '古镇分公司', '2012-06-19', '2012-05-29', 6, 6, 5, 0, 5, 0, 0, 5, 1, 0, 0, 0, 0, 0, 0, 0, 0, 0, 0, 0, 0, '430725198111023718'),
('吴楠', '党群工作部', '2013-07-01', '2013-07-01', 5, 5, 5, 0, 5, 0, 0, 5, 1, 0, 0, 0, 0, 0, 0, 0, 0, 0, 0, 0, 0, '341225198811120027'),
('吴民安', '小榄公众营销服务公司', '2015-12-01', '2015-12-01', 2, 2, 5, 0, 5, 0, 0, 5, 1, 0, 0, 0, 0, 0, 0, 0, 0, 0, 0, 0, 0, '442000199209045192'),
('吴永铭', '三角分公司', '2009-08-01', '2012-08-30', 6, 9, 5, 0, 5, 0, 0, 5, 1, 0, 0, 0, 0, 0, 0, 0, 0, 0, 0, 0, 0, '445221198702135619'),
('吴汉良', '东凤阜沙公众营销服务公司', '2006-07-01', '2008-01-08', 10, 12, 10, 0, 10, 0, 0, 10, 1, 0, 0, 0, 0, 0, 0, 0, 0, 0, 0, 0, 0, '442000198406120636'),
('吴泳怡', '战略客户部', '2011-03-01', '2011-03-01', 7, 7, 5, 0, 5, 0, 0, 5, 1, 0, 0, 0, 0, 0, 0, 0, 0, 0, 0, 0, 0, '442000198912102369'),
('吴泽民', '财务与投资部/物资中心', '2007-07-09', '2007-07-09', 11, 11, 10, 0, 10, 0, 0, 10, 1, 0, 0, 0, 0, 0, 0, 0, 0, 0, 0, 0, 0, '441602198409132215'),
('吴海健', '营业中心/西片区', '2016-06-01', '2016-07-18', 2, 2, 5, 0, 5, 0, 0, 5, 1, 0, 0, 0, 0, 0, 0, 0, 0, 0, 0, 0, 0, '440782199306165939'),
('吴海珊', '财务与投资部', '1996-05-01', '2003-02-26', 15, 22, 10, 0, 10, 0, 0, 10, 1, 0, 0, 0, 0, 0, 0, 0, 0, 0, 0, 0, 0, '442000197802160926'),
('吴炬荣', '古镇分公司', '2003-10-08', '2003-10-08', 15, 15, 10, 0, 10, 0, 0, 10, 1, 0, 0, 0, 0, 0, 0, 0, 0, 0, 0, 0, 0, '442000197912158157'),
('吴翠峰', '城区分公司', '2000-06-01', '2001-07-01', 17, 18, 10, 0, 10, 0, 0, 10, 1, 0, 0, 0, 0, 0, 0, 0, 0, 0, 0, 0, 0, '442000198312143802'),
('吴芷晴', '营业中心/西片区', '2013-02-01', '2014-01-25', 4, 5, 5, 0, 5, 0, 0, 5, 1, 0, 0, 0, 0, 0, 0, 0, 0, 0, 0, 0, 0, '442000199409236145'),
('吴豪', '横栏公众营销服务公司', '2003-08-01', '2010-02-08', 8, 15, 5, 0, 5, 0, 0, 5, 1, 0, 0, 0, 0, 0, 0, 0, 0, 0, 0, 0, 0, '440923197912015756'),
('吴钟明', '横栏公众营销服务公司', '2013-04-23', '2013-04-23', 5, 5, 5, 0, 5, 0, 0, 5, 1, 0, 0, 0, 0, 0, 0, 0, 0, 0, 0, 0, 0, '445321199101252537'),
('吴银婵', '营业中心/西片区', '2010-03-01', '2010-03-01', 8, 8, 5, 0, 5, 0, 0, 5, 1, 0, 0, 0, 0, 0, 0, 0, 0, 0, 0, 0, 0, '44200019881010614X'),
('吴锐颖', '政企客户事业部/一站式支撑中心', '2012-07-01', '2012-07-01', 6, 6, 5, 0, 5, 0, 0, 5, 1, 0, 0, 0, 0, 0, 0, 0, 0, 0, 0, 0, 0, '445102198801091418'),
('吴雪娥', '企业信息化营销服务中心', '2006-03-01', '2015-02-09', 3, 12, 5, 0, 5, 0, 0, 5, 1, 0, 0, 0, 0, 0, 0, 0, 0, 0, 0, 0, 0, '445221198310191945'),
('吴霜娴', '三角民众公众营销服务公司', '2008-01-08', '2008-01-08', 10, 10, 10, 0, 10, 0, 0, 10, 1, 0, 0, 0, 0, 0, 0, 0, 0, 0, 0, 0, 0, '442000198905122943'),
('周国彬', '南区板芙公众营销服务公司', '2007-07-01', '2010-03-03', 8, 11, 5, 0, 5, 0, 0, 5, 1, 0, 0, 0, 0, 0, 0, 0, 0, 0, 0, 0, 0, '511123198311275018'),
('周备战', '战略客户部', '1992-07-01', '1997-03-01', 21, 26, 15, 0, 15, 0, 0, 15, 1, 0, 0, 0, 0, 0, 0, 0, 0, 0, 0, 0, 0, '432621197010116612'),
('周太伟', '小榄分公司', '2003-07-01', '2003-07-01', 15, 15, 10, 0, 10, 0, 0, 10, 1, 0, 0, 0, 0, 0, 0, 0, 0, 0, 0, 0, 0, '362430197912254819'),
('周敏敏', '客户服务部', '2007-02-07', '2007-02-07', 11, 11, 10, 0, 10, 0, 0, 10, 1, 0, 0, 0, 0, 0, 0, 0, 0, 0, 0, 0, 0, '44200019880613296X'),
('周斐', '销售部', '2012-07-01', '2012-07-01', 6, 6, 5, 0, 5, 0, 0, 5, 1, 0, 0, 0, 0, 0, 0, 0, 0, 0, 0, 0, 0, '370602199002161319'),
('周朝晖', '网络建设部', '2002-03-01', '2007-05-01', 11, 16, 10, 0, 10, 0, 0, 10, 1, 0, 0, 0, 0, 0, 0, 0, 0, 0, 0, 0, 0, '432502197807210011'),
('周洁仪', '营业中心/西片区', '2013-07-12', '2014-12-03', 3, 5, 5, 0, 5, 0, 0, 5, 1, 0, 0, 0, 0, 0, 0, 0, 0, 0, 0, 0, 0, '442000199105236162'),
('周洪波', '政企客户事业部', '2001-07-01', '2001-07-01', 17, 17, 10, 0, 10, 0, 0, 10, 1, 0, 0, 0, 0, 0, 0, 0, 0, 0, 0, 0, 0, '522701197708115314'),
('周燕环', '客户服务部', '2004-07-15', '2005-03-18', 13, 14, 10, 0, 10, 0, 0, 10, 1, 0, 0, 0, 0, 0, 0, 0, 0, 0, 0, 0, 0, '442000198609220944'),
('周玉麟', '城区公众营销服务公司', '2002-07-01', '2003-10-13', 15, 16, 10, 0, 10, 0, 0, 10, 1, 0, 0, 0, 0, 0, 0, 0, 0, 0, 0, 0, 0, '440602198112101871'),
('周茂荣', '政企客户事业部', '2005-08-01', '2007-03-01', 11, 13, 10, 0, 10, 0, 0, 10, 1, 0, 0, 0, 0, 0, 0, 0, 0, 0, 0, 0, 0, '442000198210282975'),
('周荣强', '古镇公众营销服务公司', '2015-09-11', '2015-09-11', 3, 3, 5, 0, 5, 0, 0, 5, 1, 0, 0, 0, 0, 0, 0, 0, 0, 0, 0, 0, 0, '442000199106075292'),
('周镇辉', '网络优化中心', '2013-04-07', '2013-04-07', 5, 5, 5, 0, 5, 0, 0, 5, 1, 0, 0, 0, 0, 0, 0, 0, 0, 0, 0, 0, 0, '44200019870227383X'),
('周颖', '政企客户事业部/一站式支撑中心', '2014-07-07', '2016-05-09', 2, 4, 5, 0, 5, 0, 0, 5, 1, 0, 0, 0, 0, 0, 0, 0, 0, 0, 0, 0, 0, '440803199108132968'),
('周黄燕', '企业信息化营销服务中心', '1992-09-01', '2002-08-01', 16, 26, 10, 0, 10, 0, 0, 10, 1, 0, 0, 0, 0, 0, 0, 0, 0, 0, 0, 0, 0, '440233197312300021'),
('唐勇胜', '三角分公司', '2002-09-01', '2003-04-11', 15, 16, 10, 0, 10, 0, 0, 10, 1, 0, 0, 0, 0, 0, 0, 0, 0, 0, 0, 0, 0, '511121197902287531'),
('唐垣辉', '营业中心/北片区', '2015-07-04', '2015-07-04', 3, 3, 5, 0, 5, 0, 0, 5, 1, 0, 0, 0, 0, 0, 0, 0, 0, 0, 0, 0, 0, '442000199009195313'),
('唐林英', '运行维护部', '2016-07-04', '2016-07-04', 2, 2, 5, 0, 5, 0, 0, 5, 1, 0, 0, 0, 0, 0, 0, 0, 0, 0, 0, 0, 0, '431023199103210542'),
('唐榕玫', '营业中心/西片区', '2014-06-30', '2014-12-01', 3, 4, 5, 0, 5, 0, 0, 5, 1, 0, 0, 0, 0, 0, 0, 0, 0, 0, 0, 0, 0, '450821199203233622'),
('喻晓明', '三角分公司', '2005-07-01', '2008-03-01', 10, 13, 10, 0, 10, 0, 0, 10, 1, 0, 0, 0, 0, 0, 0, 0, 0, 0, 0, 0, 0, '510824198101072670'),
('姜益群', '客户服务部', '1988-06-01', '1999-01-01', 19, 30, 10, 0, 10, 0, 0, 10, 1, 0, 0, 0, 0, 0, 0, 0, 0, 0, 0, 0, 0, '43030319681223202X'),
('姜金亚', '运行维护部', '2014-07-02', '2014-07-02', 4, 4, 5, 0, 5, 0, 0, 5, 1, 0, 0, 0, 0, 0, 0, 0, 0, 0, 0, 0, 0, '420117198802173550'),
('孔倩坤', '政企客户事业部', '2003-07-01', '2003-07-01', 15, 15, 10, 0, 10, 0, 0, 10, 1, 0, 0, 0, 0, 0, 0, 0, 0, 0, 0, 0, 0, '442000198007185205'),
('孙振华', '运行维护部', '2007-07-20', '2007-07-20', 11, 11, 10, 0, 10, 0, 0, 10, 1, 0, 0, 0, 0, 0, 0, 0, 0, 0, 0, 0, 0, '420528198408180358'),
('孙沛强', '火炬开发区分公司', '2005-12-01', '2009-10-01', 9, 12, 5, 0, 5, 0, 0, 5, 1, 0, 0, 0, 0, 0, 0, 0, 0, 0, 0, 0, 0, '442000198508052339'),
('孙锦荣', '小榄公众营销服务公司', '2012-04-18', '2012-04-18', 6, 6, 5, 0, 5, 0, 0, 5, 1, 0, 0, 0, 0, 0, 0, 0, 0, 0, 0, 0, 0, '442000198812164634'),
('孙雅娜', '网络建设部', '1999-10-01', '2001-07-01', 17, 19, 10, 0, 10, 0, 0, 10, 1, 0, 0, 0, 0, 0, 0, 0, 0, 0, 0, 0, 0, '442000198008312341'),
('季广华', '城区分公司', '2012-07-01', '2012-07-01', 6, 6, 5, 0, 5, 0, 0, 5, 1, 0, 0, 0, 0, 0, 0, 0, 0, 0, 0, 0, 0, '41272719861214309X'),
('宋丽丽', '企业信息化营销服务中心', '2008-06-01', '2012-03-27', 6, 10, 5, 0, 5, 0, 0, 5, 1, 0, 0, 0, 0, 0, 0, 0, 0, 0, 0, 0, 0, '420626199008066529'),
('宋岱', '营业中心/北片区', '2013-07-01', '2014-03-25', 4, 5, 5, 0, 5, 0, 0, 5, 1, 0, 0, 0, 0, 0, 0, 0, 0, 0, 0, 0, 0, '445102199003116363'),
('宋文炜', '火炬开发区分公司', '2014-01-16', '2014-01-16', 4, 4, 5, 0, 5, 0, 0, 5, 1, 0, 0, 0, 0, 0, 0, 0, 0, 0, 0, 0, 0, '445281199107150057'),
('宋晓辉', '坦洲神湾公众营销服务公司', '2016-07-06', '2016-07-06', 2, 2, 5, 0, 5, 0, 0, 5, 1, 0, 0, 0, 0, 0, 0, 0, 0, 0, 0, 0, 0, '441621199506063219'),
('宋谦', '党群工作部', '1992-07-01', '1997-07-01', 21, 26, 15, 0, 15, 0, 0, 15, 1, 0, 0, 0, 0, 0, 0, 0, 0, 0, 0, 0, 0, '430102197103241019'),
('官美芹', '营业中心/东片区', '2009-06-01', '2014-11-20', 3, 9, 5, 0, 5, 0, 0, 5, 1, 0, 0, 0, 0, 0, 0, 0, 0, 0, 0, 0, 0, '440224198601160748'),
('容凡飞', '信息化服务中心', '2017-07-03', '2017-07-01', 1, 1, 5, 0, 5, 0, 0, 5, 1, 0, 0, 0, 0, 0, 0, 0, 0, 0, 0, 0, 0, '442000199412318379'),
('容锦培', '三乡分公司', '2016-09-05', '2016-09-05', 2, 2, 5, 0, 5, 0, 0, 5, 1, 0, 0, 0, 0, 0, 0, 0, 0, 0, 0, 0, 0, '442000199210021278'),
('封岳滨', '运行维护部/宽带客户一站式支撑中心', '2015-07-06', '2015-07-06', 3, 3, 5, 0, 5, 0, 0, 5, 1, 0, 0, 0, 0, 0, 0, 0, 0, 0, 0, 0, 0, '460103199310180010'),
('屈兵顺', '城区分公司', '2006-06-01', '2011-03-09', 7, 12, 5, 0, 5, 0, 0, 5, 1, 0, 0, 0, 0, 0, 0, 0, 0, 0, 0, 0, 0, '430421198709137670'),
('岑冠开', '三角分公司', '2012-05-14', '2012-05-14', 6, 6, 5, 0, 5, 0, 0, 5, 1, 0, 0, 0, 0, 0, 0, 0, 0, 0, 0, 0, 0, '442000198907234236'),
('崔彩英', '营业中心/北片区', '2000-06-02', '2001-07-01', 17, 18, 10, 0, 10, 0, 0, 10, 1, 0, 0, 0, 0, 0, 0, 0, 0, 0, 0, 0, 0, '442000198210124221'),
('师宝康', '网络优化中心/运行维护部', '2001-07-01', '2001-07-01', 17, 17, 10, 0, 10, 0, 0, 10, 1, 0, 0, 0, 0, 0, 0, 0, 0, 0, 0, 0, 0, '610426197907280911'),
('庄伟强', '营业中心/城区', '2015-04-27', '2015-04-27', 3, 3, 5, 0, 5, 0, 0, 5, 1, 0, 0, 0, 0, 0, 0, 0, 0, 0, 0, 0, 0, '440823199107243936'),
('庄坤展', '南头黄圃公众营销服务公司', '2015-07-29', '2015-07-29', 3, 3, 5, 0, 5, 0, 0, 5, 1, 0, 0, 0, 0, 0, 0, 0, 0, 0, 0, 0, 0, '441522199111250694'),
('庄振荣', '运行维护部', '2008-11-07', '2008-11-07', 10, 10, 10, 0, 10, 0, 0, 10, 1, 0, 0, 0, 0, 0, 0, 0, 0, 0, 0, 0, 0, '441502198809064017'),
('廖宝珍', '财务与投资部', '1992-06-01', '2005-03-14', 13, 26, 10, 0, 10, 0, 0, 10, 1, 0, 0, 0, 0, 0, 0, 0, 0, 0, 0, 0, 0, '440202197205295365'),
('廖岚', '运行维护部', '1996-07-01', '1998-05-31', 20, 22, 15, 0, 15, 0, 0, 15, 1, 0, 0, 0, 0, 0, 0, 0, 0, 0, 0, 0, 0, '513023197110073016'),
('张云兴', '南部家庭互联网营服公司', '2005-07-21', '2007-05-01', 11, 13, 10, 0, 10, 0, 0, 10, 1, 0, 0, 0, 0, 0, 0, 0, 0, 0, 0, 0, 0, '441427198609180314'),
('张亚楠', '人力资源部', '2015-07-08', '2015-07-08', 3, 3, 5, 0, 5, 0, 0, 5, 1, 0, 0, 0, 0, 0, 0, 0, 0, 0, 0, 0, 0, '412727199201281660'),
('张佩珊', '客户服务部', '2015-06-01', '2016-05-19', 2, 3, 5, 0, 5, 0, 0, 5, 1, 0, 0, 0, 0, 0, 0, 0, 0, 0, 0, 0, 0, '442000199302020643'),
('张健君', '客户服务部', '2002-08-01', '2003-11-05', 15, 16, 10, 0, 10, 0, 0, 10, 1, 0, 0, 0, 0, 0, 0, 0, 0, 0, 0, 0, 0, '44200019830109884X'),
('张剑玲', '营业中心/西片区', '2009-05-01', '2009-11-24', 8, 9, 5, 0, 5, 0, 0, 5, 1, 0, 0, 0, 0, 0, 0, 0, 0, 0, 0, 0, 0, '441521198702161166'),
('张勇', '西区港口公众营销服务公司', '2004-10-01', '2012-06-28', 6, 14, 5, 0, 5, 0, 0, 5, 1, 0, 0, 0, 0, 0, 0, 0, 0, 0, 0, 0, 0, '42112719830212393x'),
('张喆', '中部家庭互联网营服公司', '2007-07-01', '2007-07-01', 11, 11, 10, 0, 10, 0, 0, 10, 1, 0, 0, 0, 0, 0, 0, 0, 0, 0, 0, 0, 0, '412727198208042019'),
('张嘉明', '三角民众公众营销服务公司', '2014-07-08', '2014-07-08', 4, 4, 5, 0, 5, 0, 0, 5, 1, 0, 0, 0, 0, 0, 0, 0, 0, 0, 0, 0, 0, '442000198908072611'),
('张嘉玲', '小榄分公司', '2010-03-01', '2011-02-28', 7, 8, 5, 0, 5, 0, 0, 5, 1, 0, 0, 0, 0, 0, 0, 0, 0, 0, 0, 0, 0, '441621198811074825'),
('张国建', '网络建设部', '1998-07-01', '1998-07-01', 20, 20, 15, 0, 15, 0, 0, 15, 1, 0, 0, 0, 0, 0, 0, 0, 0, 0, 0, 0, 0, '442000197505040039'),
('张培雄', '三乡公众营销服务公司', '2001-12-01', '2004-07-22', 14, 16, 10, 0, 10, 0, 0, 10, 1, 0, 0, 0, 0, 0, 0, 0, 0, 0, 0, 0, 0, '445122198108187433'),
('张小斌', '战略客户部', '2014-07-02', '2014-07-02', 4, 4, 5, 0, 5, 0, 0, 5, 1, 0, 0, 0, 0, 0, 0, 0, 0, 0, 0, 0, 0, '522401199212280175'),
('张庆才', '火炬南朗公众营销服务公司', '1994-07-01', '1997-10-01', 21, 24, 15, 0, 15, 0, 0, 15, 1, 0, 0, 0, 0, 0, 0, 0, 0, 0, 0, 0, 0, '44092119700930353X'),
('张建帮', '营业中心/北片区', '2013-10-01', '2014-11-08', 4, 5, 5, 0, 5, 0, 0, 5, 1, 0, 0, 0, 0, 0, 0, 0, 0, 0, 0, 0, 0, '442000199102254234'),
('张彦', '营业中心/西片区', '2016-08-12', '2016-08-12', 2, 2, 5, 0, 5, 0, 0, 5, 1, 0, 0, 0, 0, 0, 0, 0, 0, 0, 0, 0, 0, '440204199307185011'),
('张德强', '营业中心/城区', '2014-09-17', '2014-09-17', 4, 4, 5, 0, 5, 0, 0, 5, 1, 0, 0, 0, 0, 0, 0, 0, 0, 0, 0, 0, 0, '450881198810153538'),
('张慧A', '销售部', '2002-10-01', '2007-07-23', 11, 16, 10, 0, 10, 0, 0, 10, 1, 0, 0, 0, 0, 0, 0, 0, 0, 0, 0, 0, 0, '430382198411014085'),
('张懿', '营业中心', '2000-05-01', '2002-03-01', 16, 18, 10, 0, 10, 0, 0, 10, 1, 0, 0, 0, 0, 0, 0, 0, 0, 0, 0, 0, 0, '430122198202086966'),
('张文君', '小榄分公司', '2010-07-28', '2010-07-28', 8, 8, 5, 0, 5, 0, 0, 5, 1, 0, 0, 0, 0, 0, 0, 0, 0, 0, 0, 0, 0, '442000198705265229'),
('张文浩', '网络建设部', '2003-04-01', '2006-12-26', 11, 15, 10, 0, 10, 0, 0, 10, 1, 0, 0, 0, 0, 0, 0, 0, 0, 0, 0, 0, 0, '441424198009254851'),
('张新斌', '网络建设部', '2010-07-01', '2010-07-01', 8, 8, 5, 0, 5, 0, 0, 5, 1, 0, 0, 0, 0, 0, 0, 0, 0, 0, 0, 0, 0, '430611198707291517'),
('张新锋', '东升公众营销服务公司', '2014-04-16', '2014-04-16', 4, 4, 5, 0, 5, 0, 0, 5, 1, 0, 0, 0, 0, 0, 0, 0, 0, 0, 0, 0, 0, '441421199301315119'),
('张昱', '网络建设部', '1998-07-01', '2007-05-01', 11, 20, 10, 0, 10, 0, 0, 10, 1, 0, 0, 0, 0, 0, 0, 0, 0, 0, 0, 0, 0, '440711197311135115'),
('张晓林', '营业中心/北片区', '2014-02-17', '2015-11-12', 3, 4, 5, 0, 5, 0, 0, 5, 1, 0, 0, 0, 0, 0, 0, 0, 0, 0, 0, 0, 0, '442000199110054224'),
('张杰', '战略客户部', '2014-07-02', '2014-07-02', 4, 4, 5, 0, 5, 0, 0, 5, 1, 0, 0, 0, 0, 0, 0, 0, 0, 0, 0, 0, 0, '42102219890428061X'),
('张林川', '企业信息化营销服务中心', '2005-07-01', '2007-05-01', 11, 13, 10, 0, 10, 0, 0, 10, 1, 0, 0, 0, 0, 0, 0, 0, 0, 0, 0, 0, 0, '36073019841102001x'),
('张梅珊', '营业中心/东片区', '2013-08-01', '2014-10-09', 4, 5, 5, 0, 5, 0, 0, 5, 1, 0, 0, 0, 0, 0, 0, 0, 0, 0, 0, 0, 0, '442000199101302580'),
('张楚彬', '中部家庭互联网营服公司', '2013-05-21', '2013-05-21', 5, 5, 5, 0, 5, 0, 0, 5, 1, 0, 0, 0, 0, 0, 0, 0, 0, 0, 0, 0, 0, '440582199109080951'),
('张泳茵', '客户服务部', '2009-12-21', '2009-12-21', 8, 8, 5, 0, 5, 0, 0, 5, 1, 0, 0, 0, 0, 0, 0, 0, 0, 0, 0, 0, 0, '442000198803312607'),
('张海燕', '财务与投资部', '1991-08-01', '1998-01-01', 20, 27, 15, 0, 15, 0, 0, 15, 1, 0, 0, 0, 0, 0, 0, 0, 0, 0, 0, 0, 0, '442000197302040020'),
('张淑婷', '营业中心/中片区', '2016-06-01', '2016-06-01', 2, 2, 5, 0, 5, 0, 0, 5, 1, 0, 0, 0, 0, 0, 0, 0, 0, 0, 0, 0, 0, '445122199302220625'),
('张滔', '营业中心/城区', '2016-10-01', '2016-10-01', 2, 2, 5, 0, 5, 0, 0, 5, 1, 0, 0, 0, 0, 0, 0, 0, 0, 0, 0, 0, 0, '44512219940607743X'),
('张环花', '政企客户事业部/教育信息化中心', '2001-09-01', '2003-04-01', 15, 17, 10, 0, 10, 0, 0, 10, 1, 0, 0, 0, 0, 0, 0, 0, 0, 0, 0, 0, 0, '441424198312234845'),
('张琳', '城区分公司', '2012-01-01', '2014-03-24', 4, 6, 5, 0, 5, 0, 0, 5, 1, 0, 0, 0, 0, 0, 0, 0, 0, 0, 0, 0, 0, '230302198910155828'),
('张翠玲', '营业中心/城区', '2000-09-01', '2005-04-27', 13, 18, 10, 0, 10, 0, 0, 10, 1, 0, 0, 0, 0, 0, 0, 0, 0, 0, 0, 0, 0, '441282198203204527'),
('张逸', '营业中心', '2007-03-19', '2007-03-19', 11, 11, 10, 0, 10, 0, 0, 10, 1, 0, 0, 0, 0, 0, 0, 0, 0, 0, 0, 0, 0, '445122198211257057'),
('张锷河', '战略客户部', '2012-06-19', '2012-06-19', 6, 6, 5, 0, 5, 0, 0, 5, 1, 0, 0, 0, 0, 0, 0, 0, 0, 0, 0, 0, 0, '445102198811016315'),
('张露丹', '综合部', '2015-07-06', '2015-07-06', 3, 3, 5, 0, 5, 0, 0, 5, 1, 0, 0, 0, 0, 0, 0, 0, 0, 0, 0, 0, 0, '440902199301280427'),
('张顺', '运行维护部', '2014-07-02', '2014-07-02', 4, 4, 5, 0, 5, 0, 0, 5, 1, 0, 0, 0, 0, 0, 0, 0, 0, 0, 0, 0, 0, '421083198710120418'),
('张风超', '三乡分公司', '2012-05-25', '2012-05-25', 6, 6, 5, 0, 5, 0, 0, 5, 1, 0, 0, 0, 0, 0, 0, 0, 0, 0, 0, 0, 0, '440882198811156946'),
('彭丽娟', '财务与投资部/物资中心', '2003-07-01', '2003-07-01', 15, 15, 10, 0, 10, 0, 0, 10, 1, 0, 0, 0, 0, 0, 0, 0, 0, 0, 0, 0, 0, '44050919810415602X'),
('彭小贞', '运行维护部', '1988-07-01', '1998-01-01', 20, 30, 15, 0, 15, 0, 0, 15, 1, 0, 0, 0, 0, 0, 0, 0, 0, 0, 0, 0, 0, '440620197007210329'),
('彭芷阶', '客户服务部', '1990-02-01', '1998-01-01', 20, 28, 15, 0, 15, 0, 0, 15, 1, 0, 0, 0, 0, 0, 0, 0, 0, 0, 0, 0, 0, '440620197009263686'),
('徐华', '人力资源部', '2012-07-01', '2012-07-01', 6, 6, 5, 0, 5, 0, 0, 5, 1, 0, 0, 0, 0, 0, 0, 0, 0, 0, 0, 0, 0, '150203198907063122'),
('徐卫平', '客户服务部', '1997-05-01', '2003-02-01', 15, 21, 10, 0, 10, 0, 0, 10, 1, 0, 0, 0, 0, 0, 0, 0, 0, 0, 0, 0, 0, '440224197712192668'),
('徐建军', '互联网发展中心', '2013-06-01', '2013-09-04', 5, 5, 5, 0, 5, 0, 0, 5, 1, 0, 0, 0, 0, 0, 0, 0, 0, 0, 0, 0, 0, '440781199101117232'),
('徐建森', '古镇公众营销服务公司', '2011-10-01', '2012-05-25', 6, 7, 5, 0, 5, 0, 0, 5, 1, 0, 0, 0, 0, 0, 0, 0, 0, 0, 0, 0, 0, '441423199002163314'),
('徐敏玲', '营业中心/西片区', '2013-03-01', '2013-09-03', 5, 5, 5, 0, 5, 0, 0, 5, 1, 0, 0, 0, 0, 0, 0, 0, 0, 0, 0, 0, 0, '442000199011046624'),
('徐梅', '工会', '2002-07-01', '2003-02-17', 15, 16, 10, 0, 10, 0, 0, 10, 1, 0, 0, 0, 0, 0, 0, 0, 0, 0, 0, 0, 0, '510224197911190049'),
('徐翩', '人力资源部', '2001-10-06', '2001-10-08', 17, 17, 10, 0, 10, 0, 0, 10, 1, 0, 0, 0, 0, 0, 0, 0, 0, 0, 0, 0, 0, '442000198205020866'),
('戎琳', '营业中心/南片区', '2015-09-02', '2015-09-02', 3, 3, 5, 0, 5, 0, 0, 5, 1, 0, 0, 0, 0, 0, 0, 0, 0, 0, 0, 0, 0, '445224199310161846'),
('成玮琪', '人力资源部', '2012-03-01', '2016-03-30', 2, 6, 5, 0, 5, 0, 0, 5, 1, 0, 0, 0, 0, 0, 0, 0, 0, 0, 0, 0, 0, '441882199003160627'),
('戴怡', '战略客户部', '1995-07-01', '1999-05-10', 19, 23, 10, 0, 10, 0, 0, 10, 1, 0, 0, 0, 0, 0, 0, 0, 0, 0, 0, 0, 0, '440203197307312126'),
('敬初雄', '运行维护部', '1981-01-01', '1997-02-01', 21, 37, 15, 0, 15, 0, 0, 15, 1, 0, 0, 0, 0, 0, 0, 0, 0, 0, 0, 0, 0, '430511196310025013'),
('敬永明', '中部家庭互联网营服公司', '2009-06-01', '2010-08-18', 8, 9, 5, 0, 5, 0, 0, 5, 1, 0, 0, 0, 0, 0, 0, 0, 0, 0, 0, 0, 0, '441224198703040510'),
('文进', '营业中心/中片区', '2016-11-17', '2016-11-17', 1, 1, 5, 0, 5, 0, 0, 5, 1, 0, 0, 0, 0, 0, 0, 0, 0, 0, 0, 0, 0, '442000199411162333'),
('方卫军', '城区分公司', '2000-07-01', '2004-02-23', 14, 18, 10, 0, 10, 0, 0, 10, 1, 0, 0, 0, 0, 0, 0, 0, 0, 0, 0, 0, 0, '430421198005201670'),
('方敏', '政企客户事业部', '2002-01-01', '2007-07-18', 11, 16, 10, 0, 10, 0, 0, 10, 1, 0, 0, 0, 0, 0, 0, 0, 0, 0, 0, 0, 0, '445281197801266720'),
('施燕菊', '客户服务部', '2003-07-01', '2010-11-22', 7, 15, 5, 0, 5, 0, 0, 5, 1, 0, 0, 0, 0, 0, 0, 0, 0, 0, 0, 0, 0, '440711198203055120'),
('施莲香', '城区分公司', '2006-02-01', '2017-07-05', 1, 12, 5, 0, 5, 0, 0, 5, 1, 0, 0, 0, 0, 0, 0, 0, 0, 0, 0, 0, 0, '445224198201060929'),
('晏华武', '企业信息化营销服务中心', '1993-09-20', '2004-07-01', 14, 25, 10, 0, 10, 0, 0, 10, 1, 0, 0, 0, 0, 0, 0, 0, 0, 0, 0, 0, 0, '432502197302110031'),
('曹济硕', '火炬开发区分公司', '2013-06-01', '2014-05-13', 4, 5, 5, 0, 5, 0, 0, 5, 1, 0, 0, 0, 0, 0, 0, 0, 0, 0, 0, 0, 0, '440881199204104456'),
('曹红光', '存量经营与大数据挖掘中心', '2014-07-02', '2014-07-02', 4, 4, 5, 0, 5, 0, 0, 5, 1, 0, 0, 0, 0, 0, 0, 0, 0, 0, 0, 0, 0, '412828198708223731'),
('曾天文', '营业中心/西片区', '2016-12-05', '2016-12-05', 1, 1, 5, 0, 5, 0, 0, 5, 1, 0, 0, 0, 0, 0, 0, 0, 0, 0, 0, 0, 0, '441424199501013755'),
('曾广灿', '营业中心/南片区', '2016-04-01', '2016-10-10', 2, 2, 5, 0, 5, 0, 0, 5, 1, 0, 0, 0, 0, 0, 0, 0, 0, 0, 0, 0, 0, '441781199310032017'),
('曾建红', '市场部/业务支撑中心', '2006-05-01', '2008-04-07', 10, 12, 10, 0, 10, 0, 0, 10, 1, 0, 0, 0, 0, 0, 0, 0, 0, 0, 0, 0, 0, '441621198308054528'),
('曾德洪', '古镇分公司', '2005-11-01', '2009-07-06', 9, 13, 5, 0, 5, 0, 0, 5, 1, 0, 0, 0, 0, 0, 0, 0, 0, 0, 0, 0, 0, '44042119810812805X'),
('曾栋', '网络优化中心', '2010-07-01', '2010-07-01', 8, 8, 5, 0, 5, 0, 0, 5, 1, 0, 0, 0, 0, 0, 0, 0, 0, 0, 0, 0, 0, '441623198705045214'),
('曾毅华', '三乡分公司', '1994-06-01', '1997-03-01', 21, 24, 15, 0, 15, 0, 0, 15, 1, 0, 0, 0, 0, 0, 0, 0, 0, 0, 0, 0, 0, '440602197502010911'),
('曾汝翔', '城区分公司', '2005-07-01', '2007-05-01', 11, 13, 10, 0, 10, 0, 0, 10, 1, 0, 0, 0, 0, 0, 0, 0, 0, 0, 0, 0, 0, '440825198308061475'),
('曾浚', '小榄公众营销服务公司', '2014-10-29', '2014-10-29', 4, 4, 5, 0, 5, 0, 0, 5, 1, 0, 0, 0, 0, 0, 0, 0, 0, 0, 0, 0, 0, '442000199102015452'),
('曾浩彬', '火炬南朗公众营销服务公司', '2009-03-01', '2009-10-15', 9, 9, 5, 0, 5, 0, 0, 5, 1, 0, 0, 0, 0, 0, 0, 0, 0, 0, 0, 0, 0, '445121198512123152'),
('曾苑红', '人力资源部', '2005-01-01', '2005-01-01', 13, 13, 10, 0, 10, 0, 0, 10, 1, 0, 0, 0, 0, 0, 0, 0, 0, 0, 0, 0, 0, '441424198309250545'),
('曾蕾', '战略客户部', '2010-08-01', '2015-06-12', 3, 8, 5, 0, 5, 0, 0, 5, 1, 0, 0, 0, 0, 0, 0, 0, 0, 0, 0, 0, 0, '360729198910200028'),
('朱国锋', '沙溪/大涌公众营销服务公司', '1995-10-01', '1998-04-01', 20, 23, 15, 0, 15, 0, 0, 15, 1, 0, 0, 0, 0, 0, 0, 0, 0, 0, 0, 0, 0, '441821197503282418'),
('朱威', '企业信息化营销服务中心', '2003-06-01', '2010-04-01', 8, 15, 5, 0, 5, 0, 0, 5, 1, 0, 0, 0, 0, 0, 0, 0, 0, 0, 0, 0, 0, '430624198011140077'),
('朱柏林', '古镇分公司', '1986-07-15', '2001-03-01', 17, 32, 10, 0, 10, 0, 0, 10, 1, 0, 0, 0, 0, 0, 0, 0, 0, 0, 0, 0, 0, '420111196602044159'),
('朱绮雯', '营业中心/西片区', '2012-04-28', '2012-04-28', 6, 6, 5, 0, 5, 0, 0, 5, 1, 0, 0, 0, 0, 0, 0, 0, 0, 0, 0, 0, 0, '442000198909155208'),
('朱胜斌', '网络建设部', '1996-07-01', '2001-10-01', 17, 22, 10, 0, 10, 0, 0, 10, 1, 0, 0, 0, 0, 0, 0, 0, 0, 0, 0, 0, 0, '441421197403254178'),
('朱莹楚', '互联网发展中心', '2003-07-01', '2003-07-01', 15, 15, 10, 0, 10, 0, 0, 10, 1, 0, 0, 0, 0, 0, 0, 0, 0, 0, 0, 0, 0, '442000198101197659'),
('朱铭新', '北部家庭互联网营服公司', '1993-05-01', '2001-07-01', 17, 25, 10, 0, 10, 0, 0, 10, 1, 0, 0, 0, 0, 0, 0, 0, 0, 0, 0, 0, 0, '441221197403096113'),
('朱飞龙', '运行维护部', '2014-04-14', '2014-04-14', 4, 4, 5, 0, 5, 0, 0, 5, 1, 0, 0, 0, 0, 0, 0, 0, 0, 0, 0, 0, 0, '440981198811123916'),
('朴明玉', '营业中心/南片区', '2010-05-10', '2010-05-10', 8, 8, 5, 0, 5, 0, 0, 5, 1, 0, 0, 0, 0, 0, 0, 0, 0, 0, 0, 0, 0, '231005198608254829'),
('李丝韵', '财务与投资部', '2005-03-14', '2005-03-14', 13, 13, 10, 0, 10, 0, 0, 10, 1, 0, 0, 0, 0, 0, 0, 0, 0, 0, 0, 0, 0, '442000198205030722'),
('李丹', '客户服务部', '2002-12-01', '2003-07-01', 15, 15, 10, 0, 10, 0, 0, 10, 1, 0, 0, 0, 0, 0, 0, 0, 0, 0, 0, 0, 0, '413001197802100028'),
('李丽平', '营业中心', '2000-07-01', '2001-07-01', 17, 18, 10, 0, 10, 0, 0, 10, 1, 0, 0, 0, 0, 0, 0, 0, 0, 0, 0, 0, 0, '442000198101100028'),
('李书旺', '营业中心/南片区', '2015-09-03', '2015-09-03', 3, 3, 5, 0, 5, 0, 0, 5, 1, 0, 0, 0, 0, 0, 0, 0, 0, 0, 0, 0, 0, '411326199112252017'),
('李伟杰', '火炬开发区分公司', '2010-07-01', '2010-06-21', 8, 8, 5, 0, 5, 0, 0, 5, 1, 0, 0, 0, 0, 0, 0, 0, 0, 0, 0, 0, 0, '44522119850906621X'),
('李伟标', '小榄公众营销服务公司', '2007-07-01', '2012-03-02', 6, 11, 5, 0, 5, 0, 0, 5, 1, 0, 0, 0, 0, 0, 0, 0, 0, 0, 0, 0, 0, '441424198410060017'),
('李加欣', '营业中心/中片区', '2015-03-23', '2015-03-23', 3, 3, 5, 0, 5, 0, 0, 5, 1, 0, 0, 0, 0, 0, 0, 0, 0, 0, 0, 0, 0, '445122199111045449'),
('李华挺', '网络建设部', '2010-07-01', '2012-06-11', 6, 8, 5, 0, 5, 0, 0, 5, 1, 0, 0, 0, 0, 0, 0, 0, 0, 0, 0, 0, 0, '44098119870304353X'),
('李君洪', '运行维护部', '2002-07-01', '2002-07-01', 16, 16, 10, 0, 10, 0, 0, 10, 1, 0, 0, 0, 0, 0, 0, 0, 0, 0, 0, 0, 0, '442000197907066418'),
('李喜悦', '客户服务部', '2009-08-01', '2010-04-26', 8, 9, 5, 0, 5, 0, 0, 5, 1, 0, 0, 0, 0, 0, 0, 0, 0, 0, 0, 0, 0, '442000198601071761'),
('李嘉峰', '家庭互联网中心', '2015-07-07', '2015-07-07', 3, 3, 5, 0, 5, 0, 0, 5, 1, 0, 0, 0, 0, 0, 0, 0, 0, 0, 0, 0, 0, '220882199210146017'),
('李嘉瀛', '小榄公众营销服务公司', '2011-12-19', '2011-12-19', 6, 6, 5, 0, 5, 0, 0, 5, 1, 0, 0, 0, 0, 0, 0, 0, 0, 0, 0, 0, 0, '442000198906215519'),
('李嘉雯', '营业中心/东片区', '2016-06-27', '2016-06-27', 2, 2, 5, 0, 5, 0, 0, 5, 1, 0, 0, 0, 0, 0, 0, 0, 0, 0, 0, 0, 0, '441781199501094667'),
('李国方', '南区板芙公众营销服务公司', '2010-07-01', '2010-07-01', 8, 8, 5, 0, 5, 0, 0, 5, 1, 0, 0, 0, 0, 0, 0, 0, 0, 0, 0, 0, 0, '441424198708231595'),
('李国浩', '城区公众营销服务公司', '2008-10-01', '2014-03-10', 4, 10, 5, 0, 5, 0, 0, 5, 1, 0, 0, 0, 0, 0, 0, 0, 0, 0, 0, 0, 0, '441424198909191577'),
('李国纶', '北部家庭互联网营服公司', '2015-03-06', '2016-03-18', 2, 3, 5, 0, 5, 0, 0, 5, 1, 0, 0, 0, 0, 0, 0, 0, 0, 0, 0, 0, 0, '442000199003066633'),
('李太旺', '战略客户部', '1994-07-01', '2007-05-01', 11, 24, 10, 0, 10, 0, 0, 10, 1, 0, 0, 0, 0, 0, 0, 0, 0, 0, 0, 0, 0, '440822197103186713'),
('李好华', '综合部', '2014-08-25', '2014-08-25', 4, 4, 5, 0, 5, 0, 0, 5, 1, 0, 0, 0, 0, 0, 0, 0, 0, 0, 0, 0, 0, '441421199010084429'),
('李宁宁', '运行维护部/宽带客户一站式支撑中心', '2005-07-01', '2008-03-01', 10, 13, 10, 0, 10, 0, 0, 10, 1, 0, 0, 0, 0, 0, 0, 0, 0, 0, 0, 0, 0, '410881198210203012'),
('李家明', '城区公众营销服务公司', '2016-12-05', '2016-12-05', 1, 1, 5, 0, 5, 0, 0, 5, 1, 0, 0, 0, 0, 0, 0, 0, 0, 0, 0, 0, 0, '44532119921207311X'),
('李小瑜', '营业中心/西片区', '2009-07-01', '2014-03-11', 4, 9, 5, 0, 5, 0, 0, 5, 1, 0, 0, 0, 0, 0, 0, 0, 0, 0, 0, 0, 0, '440923198607092661'),
('李小翠', '综合部', '2008-03-31', '2014-09-22', 4, 10, 5, 0, 5, 0, 0, 5, 1, 0, 0, 0, 0, 0, 0, 0, 0, 0, 0, 0, 0, '440882198603310021'),
('李志玲', '营业中心/城区', '2015-03-09', '2015-03-09', 3, 3, 5, 0, 5, 0, 0, 5, 1, 0, 0, 0, 0, 0, 0, 0, 0, 0, 0, 0, 0, '445381199305085423'),
('李志锋', '运行维护部/宽带客户一站式支撑中心', '2007-09-01', '2009-11-01', 9, 11, 5, 0, 5, 0, 0, 5, 1, 0, 0, 0, 0, 0, 0, 0, 0, 0, 0, 0, 0, '440204198311107011'),
('李惠东', '三角分公司', '2001-07-01', '2004-03-30', 14, 17, 10, 0, 10, 0, 0, 10, 1, 0, 0, 0, 0, 0, 0, 0, 0, 0, 0, 0, 0, '442000198207242956'),
('李文昌', '小榄分公司', '2016-03-16', '2016-03-16', 2, 2, 5, 0, 5, 0, 0, 5, 1, 0, 0, 0, 0, 0, 0, 0, 0, 0, 0, 0, 0, '442000199407274295'),
('李文炬', '运行维护部', '2010-07-01', '2011-07-20', 7, 8, 5, 0, 5, 0, 0, 5, 1, 0, 0, 0, 0, 0, 0, 0, 0, 0, 0, 0, 0, '441481198704210399'),
('李智勇', '工会', '1996-07-01', '2007-04-01', 11, 22, 10, 0, 10, 0, 0, 10, 1, 0, 0, 0, 0, 0, 0, 0, 0, 0, 0, 0, 0, '362229197608012237'),
('李有强', '三乡分公司', '1990-10-01', '2002-05-26', 16, 28, 10, 0, 10, 0, 0, 10, 1, 0, 0, 0, 0, 0, 0, 0, 0, 0, 0, 0, 0, '440721196911302173'),
('李林', '沙溪公众营销服务公司', '2014-07-18', '2014-07-18', 4, 4, 5, 0, 5, 0, 0, 5, 1, 0, 0, 0, 0, 0, 0, 0, 0, 0, 0, 0, 0, '442000199110050530'),
('李根', '火炬南朗公众营销服务公司', '2013-10-01', '2014-02-26', 4, 5, 5, 0, 5, 0, 0, 5, 1, 0, 0, 0, 0, 0, 0, 0, 0, 0, 0, 0, 0, '431003198904206535'),
('李桂娇', '客户服务部', '2001-10-01', '2003-10-12', 15, 17, 10, 0, 10, 0, 0, 10, 1, 0, 0, 0, 0, 0, 0, 0, 0, 0, 0, 0, 0, '442000198206242583'),
('李梅花', '营业中心/西片区', '2010-03-15', '2010-03-15', 8, 8, 5, 0, 5, 0, 0, 5, 1, 0, 0, 0, 0, 0, 0, 0, 0, 0, 0, 0, 0, '441723198711092928'),
('李毅', '运行维护部', '2009-07-01', '2009-07-01', 9, 9, 5, 0, 5, 0, 0, 5, 1, 0, 0, 0, 0, 0, 0, 0, 0, 0, 0, 0, 0, '430481198511111738'),
('李毅欣', '互联网发展中心', '2003-09-15', '2003-09-15', 15, 15, 10, 0, 10, 0, 0, 10, 1, 0, 0, 0, 0, 0, 0, 0, 0, 0, 0, 0, 0, '442000198312260531'),
('李永美', '市场部/业务支撑中心', '2000-09-01', '2003-12-01', 14, 18, 10, 0, 10, 0, 0, 10, 1, 0, 0, 0, 0, 0, 0, 0, 0, 0, 0, 0, 0, '441801198110242828'),
('李池海', '网络优化中心', '2013-07-01', '2013-07-01', 5, 5, 5, 0, 5, 0, 0, 5, 1, 0, 0, 0, 0, 0, 0, 0, 0, 0, 0, 0, 0, '442000198908033794'),
('李泳珊', '营业中心/西片区', '2009-11-01', '2009-11-24', 8, 9, 5, 0, 5, 0, 0, 5, 1, 0, 0, 0, 0, 0, 0, 0, 0, 0, 0, 0, 0, '442000198611276429'),
('李洁玲', '财务与投资部', '2002-06-01', '2003-05-01', 15, 16, 10, 0, 10, 0, 0, 10, 1, 0, 0, 0, 0, 0, 0, 0, 0, 0, 0, 0, 0, '441781198210055946'),
('李洁玲(大)', '客户服务部', '1983-11-01', '2000-10-01', 18, 35, 10, 0, 10, 0, 0, 10, 1, 0, 0, 0, 0, 0, 0, 0, 0, 0, 0, 0, 0, '440620196404230329'),
('李洁芳', '营业中心/城区', '2010-04-26', '2010-04-26', 8, 8, 5, 0, 5, 0, 0, 5, 1, 0, 0, 0, 0, 0, 0, 0, 0, 0, 0, 0, 0, '445221198805246223'),
('李洋', '工会', '2014-07-02', '2014-07-02', 4, 4, 5, 0, 5, 0, 0, 5, 1, 0, 0, 0, 0, 0, 0, 0, 0, 0, 0, 0, 0, '22058219910714114X'),
('李海文', '小榄公众营销服务公司', '2013-11-01', '2014-10-15', 4, 5, 5, 0, 5, 0, 0, 5, 1, 0, 0, 0, 0, 0, 0, 0, 0, 0, 0, 0, 0, '442000199002284233'),
('李海欢', '光纤到户办公室', '1996-07-01', '1997-11-01', 21, 22, 15, 0, 15, 0, 0, 15, 1, 0, 0, 0, 0, 0, 0, 0, 0, 0, 0, 0, 0, '440105197706240032'),
('李深森', '战略客户部', '2012-07-01', '2012-07-01', 6, 6, 5, 0, 5, 0, 0, 5, 1, 0, 0, 0, 0, 0, 0, 0, 0, 0, 0, 0, 0, '442000198908210041'),
('李潮', '运行维护部', '2014-07-02', '2014-07-02', 4, 4, 5, 0, 5, 0, 0, 5, 1, 0, 0, 0, 0, 0, 0, 0, 0, 0, 0, 0, 0, '440921199109251633'),
('李灿恒', '运行维护部', '2014-06-18', '2014-06-18', 4, 4, 5, 0, 5, 0, 0, 5, 1, 0, 0, 0, 0, 0, 0, 0, 0, 0, 0, 0, 0, '442000199205020211'),
('李焕深', '火炬开发区分公司', '2010-05-01', '2011-02-18', 7, 8, 5, 0, 5, 0, 0, 5, 1, 0, 0, 0, 0, 0, 0, 0, 0, 0, 0, 0, 0, '445221198912246210'),
('李玲', '市场部/业务支撑中心', '2015-07-06', '2015-07-06', 3, 3, 5, 0, 5, 0, 0, 5, 1, 0, 0, 0, 0, 0, 0, 0, 0, 0, 0, 0, 0, '43092219930613852X'),
('李琳', '运行维护部', '1992-01-01', '2017-02-07', 1, 26, 5, 0, 5, 0, 0, 5, 1, 0, 0, 0, 0, 0, 0, 0, 0, 0, 0, 0, 0, '152823197301204045'),
('李福来', '存量经营与大数据挖掘中心', '2012-07-01', '2012-07-01', 6, 6, 5, 0, 5, 0, 0, 5, 1, 0, 0, 0, 0, 0, 0, 0, 0, 0, 0, 0, 0, '370982198902193117'),
('李秋英', '客户服务部', '1992-12-01', '2003-06-01', 15, 25, 10, 0, 10, 0, 0, 10, 1, 0, 0, 0, 0, 0, 0, 0, 0, 0, 0, 0, 0, '440126197303023043'),
('李稣明', '运行维护部', '2007-06-01', '2007-06-01', 11, 11, 10, 0, 10, 0, 0, 10, 1, 0, 0, 0, 0, 0, 0, 0, 0, 0, 0, 0, 0, '440881198409103225'),
('李紫君', '营业中心/北片区', '2010-02-08', '2010-02-08', 8, 8, 5, 0, 5, 0, 0, 5, 1, 0, 0, 0, 0, 0, 0, 0, 0, 0, 0, 0, 0, '442000198902244240'),
('李红红', '营业中心/中片区', '2010-07-01', '2016-04-30', 2, 8, 5, 0, 5, 0, 0, 5, 1, 0, 0, 0, 0, 0, 0, 0, 0, 0, 0, 0, 0, '360730198901202940'),
('李臻', '网络优化中心', '2012-07-01', '2012-07-01', 6, 6, 5, 0, 5, 0, 0, 5, 1, 0, 0, 0, 0, 0, 0, 0, 0, 0, 0, 0, 0, '612424199002280018'),
('李贤霞', '营业中心/北片区', '1997-09-01', '2004-04-21', 14, 21, 10, 0, 10, 0, 0, 10, 1, 0, 0, 0, 0, 0, 0, 0, 0, 0, 0, 0, 0, '440223197705260021'),
('李键欣', '营业中心/北片区', '2016-09-06', '2016-09-06', 2, 2, 5, 0, 5, 0, 0, 5, 1, 0, 0, 0, 0, 0, 0, 0, 0, 0, 0, 0, 0, '442000199511235202'),
('李鸿辉', '火炬开发区分公司', '2008-03-01', '2011-03-03', 7, 10, 5, 0, 5, 0, 0, 5, 1, 0, 0, 0, 0, 0, 0, 0, 0, 0, 0, 0, 0, '442000198804047956'),
('杜海茵', '政企客户事业部', '1999-07-01', '2003-10-01', 15, 19, 10, 0, 10, 0, 0, 10, 1, 0, 0, 0, 0, 0, 0, 0, 0, 0, 0, 0, 0, '442000197703257669'),
('杨中良', '小榄分公司', '2007-03-01', '2010-11-08', 8, 11, 5, 0, 5, 0, 0, 5, 1, 0, 0, 0, 0, 0, 0, 0, 0, 0, 0, 0, 0, '140107198303273311'),
('杨丽芳', '客户服务部', '1997-07-01', '2007-05-01', 11, 21, 10, 0, 10, 0, 0, 10, 1, 0, 0, 0, 0, 0, 0, 0, 0, 0, 0, 0, 0, '441822197608020269'),
('杨嘉荣', '存量经营与大数据挖掘中心', '2001-07-01', '2004-03-02', 14, 17, 10, 0, 10, 0, 0, 10, 1, 0, 0, 0, 0, 0, 0, 0, 0, 0, 0, 0, 0, '442000197907220059'),
('杨娟', '营业中心/西片区', '2014-04-01', '2015-04-17', 3, 4, 5, 0, 5, 0, 0, 5, 1, 0, 0, 0, 0, 0, 0, 0, 0, 0, 0, 0, 0, '43072519921221362X'),
('杨子卿', '客户服务部', '1992-04-01', '2001-07-01', 17, 26, 10, 0, 10, 0, 0, 10, 1, 0, 0, 0, 0, 0, 0, 0, 0, 0, 0, 0, 0, '442000197507110766'),
('杨志全', '运行维护部/宽带客户一站式支撑中心', '1993-08-01', '1998-01-01', 20, 25, 15, 0, 15, 0, 0, 15, 1, 0, 0, 0, 0, 0, 0, 0, 0, 0, 0, 0, 0, '442000197211032957'),
('杨文杰', '家庭互联网中心', '2011-07-01', '2012-12-27', 5, 7, 5, 0, 5, 0, 0, 5, 1, 0, 0, 0, 0, 0, 0, 0, 0, 0, 0, 0, 0, '442000198810170539'),
('杨新花', '火炬开发区分公司', '2006-09-01', '2006-11-01', 12, 12, 10, 0, 10, 0, 0, 10, 1, 0, 0, 0, 0, 0, 0, 0, 0, 0, 0, 0, 0, '441424198606014864'),
('杨李红', '营业中心/西片区', '2016-08-29', '2016-08-29', 2, 2, 5, 0, 5, 0, 0, 5, 1, 0, 0, 0, 0, 0, 0, 0, 0, 0, 0, 0, 0, '440983199309177465');
INSERT INTO `holiday` (`name`, `department`, `initdate`, `indate`, `Companyage`, `Totalage`, `Totalday`, `Lastyear`, `Thisyear`, `Bonus`, `Used`, `Rest`, `initflag`, `Jan`, `Feb`, `Mar`, `Apr`, `May`, `Jun`, `Jul`, `Aug`, `Sep`, `Oct`, `Nov`, `Dece`, `user_id`) VALUES
('杨梯伦', '城区公众营销服务公司', '2014-12-15', '2015-03-18', 3, 3, 5, 0, 5, 0, 0, 5, 1, 0, 0, 0, 0, 0, 0, 0, 0, 0, 0, 0, 0, '442000199110176635'),
('杨永明', '营业中心/城区', '2016-04-27', '2016-04-27', 2, 2, 5, 0, 5, 0, 0, 5, 1, 0, 0, 0, 0, 0, 0, 0, 0, 0, 0, 0, 0, '442000199109106656'),
('杨永贤', '城区分公司', '2003-08-01', '2007-04-23', 11, 15, 10, 0, 10, 0, 0, 10, 1, 0, 0, 0, 0, 0, 0, 0, 0, 0, 0, 0, 0, '442000198407016611'),
('杨海珍', '综合部', '1996-07-01', '2007-05-01', 11, 22, 10, 0, 10, 0, 0, 10, 1, 0, 0, 0, 0, 0, 0, 0, 0, 0, 0, 0, 0, '442000197805164025'),
('杨燕敏', '客户服务部', '2010-02-23', '2010-02-23', 8, 8, 5, 0, 5, 0, 0, 5, 1, 0, 0, 0, 0, 0, 0, 0, 0, 0, 0, 0, 0, '442000198807278389'),
('杨绮', '营业中心/城区', '2003-10-01', '2005-03-17', 13, 15, 10, 0, 10, 0, 0, 10, 1, 0, 0, 0, 0, 0, 0, 0, 0, 0, 0, 0, 0, '440981198308110026'),
('杨群芳', '东升公众营销服务公司', '2001-07-15', '2003-09-20', 15, 17, 10, 0, 10, 0, 0, 10, 1, 0, 0, 0, 0, 0, 0, 0, 0, 0, 0, 0, 0, '442000198309064628'),
('杨萌', '城区分公司', '2009-06-08', '2009-06-08', 9, 9, 5, 0, 5, 0, 0, 5, 1, 0, 0, 0, 0, 0, 0, 0, 0, 0, 0, 0, 0, '130183198610272532'),
('杨谊', '客户服务部', '2010-11-01', '2010-12-09', 7, 8, 5, 0, 5, 0, 0, 5, 1, 0, 0, 0, 0, 0, 0, 0, 0, 0, 0, 0, 0, '441422198903124522'),
('杨贞元', '网络建设部', '1998-07-01', '2002-03-12', 16, 20, 10, 0, 10, 0, 0, 10, 1, 0, 0, 0, 0, 0, 0, 0, 0, 0, 0, 0, 0, '445122197605025019'),
('杨钰', '营业中心/西片区', '2001-12-01', '2001-12-01', 16, 16, 10, 0, 10, 0, 0, 10, 1, 0, 0, 0, 0, 0, 0, 0, 0, 0, 0, 0, 0, '442000198308276602'),
('杨静', '互联网发展中心', '1994-01-01', '1997-08-01', 21, 24, 15, 0, 15, 0, 0, 15, 1, 0, 0, 0, 0, 0, 0, 0, 0, 0, 0, 0, 0, '441425197711300362'),
('林万青', '企业信息化营销服务中心', '2007-05-01', '2010-03-18', 8, 11, 5, 0, 5, 0, 0, 5, 1, 0, 0, 0, 0, 0, 0, 0, 0, 0, 0, 0, 0, '441501198405224532'),
('林丽铭', '市场部/业务支撑中心', '1993-05-01', '2001-07-01', 17, 25, 10, 0, 10, 0, 0, 10, 1, 0, 0, 0, 0, 0, 0, 0, 0, 0, 0, 0, 0, '442000197502080027'),
('林仲明', '东部家庭互联网营服公司', '2010-08-01', '2010-08-25', 8, 8, 5, 0, 5, 0, 0, 5, 1, 0, 0, 0, 0, 0, 0, 0, 0, 0, 0, 0, 0, '441900198603161312'),
('林伙进', '火炬开发区分公司', '2014-05-13', '2014-05-13', 4, 4, 5, 0, 5, 0, 0, 5, 1, 0, 0, 0, 0, 0, 0, 0, 0, 0, 0, 0, 0, '445323199201202118'),
('林伟强', '南头黄圃公众营销服务公司/三角民众公众营销服务公司', '2000-06-30', '2003-04-16', 15, 18, 10, 0, 10, 0, 0, 10, 1, 0, 0, 0, 0, 0, 0, 0, 0, 0, 0, 0, 0, '442000197708126414'),
('林佳诚', '坦洲神湾公众营销服务公司', '2014-12-25', '2014-12-25', 3, 3, 5, 0, 5, 0, 0, 5, 1, 0, 0, 0, 0, 0, 0, 0, 0, 0, 0, 0, 0, '442000199307151271'),
('林俊晖', '北部家庭互联网营服公司', '1997-08-01', '2002-10-01', 16, 21, 10, 0, 10, 0, 0, 10, 1, 0, 0, 0, 0, 0, 0, 0, 0, 0, 0, 0, 0, '442000197407190711'),
('林倩嘉', '财务与投资部/物资中心', '2003-07-01', '2007-10-22', 11, 15, 10, 0, 10, 0, 0, 10, 1, 0, 0, 0, 0, 0, 0, 0, 0, 0, 0, 0, 0, '442000198201112368'),
('林健标', '运行维护部', '2010-07-30', '2010-07-30', 8, 8, 5, 0, 5, 0, 0, 5, 1, 0, 0, 0, 0, 0, 0, 0, 0, 0, 0, 0, 0, '441225198708172973'),
('林力胜', '政企客户事业部', '1991-07-01', '1998-04-01', 20, 27, 15, 0, 15, 0, 0, 15, 1, 0, 0, 0, 0, 0, 0, 0, 0, 0, 0, 0, 0, '440105197001050116'),
('林加玲', '营业中心/东片区', '2008-04-01', '2008-04-01', 10, 10, 10, 0, 10, 0, 0, 10, 1, 0, 0, 0, 0, 0, 0, 0, 0, 0, 0, 0, 0, '442000198906144044'),
('林后建', '火炬开发区分公司', '1992-07-01', '2003-10-11', 15, 26, 10, 0, 10, 0, 0, 10, 1, 0, 0, 0, 0, 0, 0, 0, 0, 0, 0, 0, 0, '442000197010102031'),
('林善炜', '营业中心/北片区', '2015-09-29', '2015-09-29', 3, 3, 5, 0, 5, 0, 0, 5, 1, 0, 0, 0, 0, 0, 0, 0, 0, 0, 0, 0, 0, '441226199210194017'),
('林嘉伟', '中部家庭互联网营服公司', '2014-03-24', '2014-03-24', 4, 4, 5, 0, 5, 0, 0, 5, 1, 0, 0, 0, 0, 0, 0, 0, 0, 0, 0, 0, 0, '442000199112028919'),
('林嘉俊', '三乡分公司', '2016-11-15', '2016-11-15', 1, 1, 5, 0, 5, 0, 0, 5, 1, 0, 0, 0, 0, 0, 0, 0, 0, 0, 0, 0, 0, '442000199407311279'),
('林志君', '古镇分公司', '1996-10-01', '2001-07-01', 17, 22, 10, 0, 10, 0, 0, 10, 1, 0, 0, 0, 0, 0, 0, 0, 0, 0, 0, 0, 0, '450403197603291844'),
('林惠颜', '财务与投资部', '2004-03-10', '2004-03-10', 14, 14, 10, 0, 10, 0, 0, 10, 1, 0, 0, 0, 0, 0, 0, 0, 0, 0, 0, 0, 0, '442000198508191582'),
('林明亭', '中部家庭互联网营服公司', '2015-07-01', '2016-12-05', 1, 3, 5, 0, 5, 0, 0, 5, 1, 0, 0, 0, 0, 0, 0, 0, 0, 0, 0, 0, 0, '469028199004062155'),
('林春阳', '客户服务部', '1995-04-01', '2002-03-01', 16, 23, 10, 0, 10, 0, 0, 10, 1, 0, 0, 0, 0, 0, 0, 0, 0, 0, 0, 0, 0, '441623197411180029'),
('林柏健', '营业中心/西片区', '2015-09-14', '2015-09-14', 3, 3, 5, 0, 5, 0, 0, 5, 1, 0, 0, 0, 0, 0, 0, 0, 0, 0, 0, 0, 0, '442000199206296615'),
('林汉仪', '客户服务部', '1997-09-01', '2001-10-12', 17, 21, 10, 0, 10, 0, 0, 10, 1, 0, 0, 0, 0, 0, 0, 0, 0, 0, 0, 0, 0, '442000197801187684'),
('林沛潮', '营业中心/中片区', '1997-10-06', '2001-07-01', 17, 21, 10, 0, 10, 0, 0, 10, 1, 0, 0, 0, 0, 0, 0, 0, 0, 0, 0, 0, 0, '442000197805082046'),
('林焕冰', '营业中心/东片区', '2000-06-02', '2003-02-01', 15, 18, 10, 0, 10, 0, 0, 10, 1, 0, 0, 0, 0, 0, 0, 0, 0, 0, 0, 0, 0, '442000198109033800'),
('林籽宇', '小榄分公司', '2004-08-01', '2011-07-29', 7, 14, 5, 0, 5, 0, 0, 5, 1, 0, 0, 0, 0, 0, 0, 0, 0, 0, 0, 0, 0, '450821198012102617'),
('林美杏', '营业中心/城区', '2012-10-01', '2014-03-05', 4, 6, 5, 0, 5, 0, 0, 5, 1, 0, 0, 0, 0, 0, 0, 0, 0, 0, 0, 0, 0, '441581198608184720'),
('林虹', '营业中心/南片区', '2016-07-12', '2016-07-12', 2, 2, 5, 0, 5, 0, 0, 5, 1, 0, 0, 0, 0, 0, 0, 0, 0, 0, 0, 0, 0, '44520219930326032X'),
('林起凤', '营业中心/南片区', '2011-02-28', '2011-02-28', 7, 7, 5, 0, 5, 0, 0, 5, 1, 0, 0, 0, 0, 0, 0, 0, 0, 0, 0, 0, 0, '445202198903130321'),
('林钊杰', '信息化服务中心', '2011-03-01', '2012-07-30', 6, 7, 5, 0, 5, 0, 0, 5, 1, 0, 0, 0, 0, 0, 0, 0, 0, 0, 0, 0, 0, '440583198807014232'),
('林钲倍', '企业信息化营销服务中心', '2009-05-04', '2009-05-04', 9, 9, 5, 0, 5, 0, 0, 5, 1, 0, 0, 0, 0, 0, 0, 0, 0, 0, 0, 0, 0, '441522198711080057'),
('林青霞', '客户服务部', '2007-09-01', '2008-06-03', 10, 11, 10, 0, 10, 0, 0, 10, 1, 0, 0, 0, 0, 0, 0, 0, 0, 0, 0, 0, 0, '44200019860623710X'),
('林颖丽', '营业中心/东片区', '2012-08-05', '2015-03-17', 3, 6, 5, 0, 5, 0, 0, 5, 1, 0, 0, 0, 0, 0, 0, 0, 0, 0, 0, 0, 0, '442000198902073840'),
('林龙', '运行维护部', '2015-07-06', '2015-07-06', 3, 3, 5, 0, 5, 0, 0, 5, 1, 0, 0, 0, 0, 0, 0, 0, 0, 0, 0, 0, 0, '23900519880722251X'),
('柯传贤', '坦洲神湾公众营销服务公司', '2010-12-20', '2010-12-20', 7, 7, 5, 0, 5, 0, 0, 5, 1, 0, 0, 0, 0, 0, 0, 0, 0, 0, 0, 0, 0, '445224198810080378'),
('桂文', '战略客户部', '2002-07-01', '2002-07-01', 16, 16, 10, 0, 10, 0, 0, 10, 1, 0, 0, 0, 0, 0, 0, 0, 0, 0, 0, 0, 0, '430981198410180926'),
('梁丽云', '客户服务部', '2003-10-28', '2003-10-28', 15, 15, 10, 0, 10, 0, 0, 10, 1, 0, 0, 0, 0, 0, 0, 0, 0, 0, 0, 0, 0, '442000197510102783'),
('梁丽华', '客户服务部', '1992-10-01', '2001-07-01', 17, 26, 10, 0, 10, 0, 0, 10, 1, 0, 0, 0, 0, 0, 0, 0, 0, 0, 0, 0, 0, '442000197308280543'),
('梁丽婵', '营业中心/南片区', '2013-05-01', '2014-02-13', 4, 5, 5, 0, 5, 0, 0, 5, 1, 0, 0, 0, 0, 0, 0, 0, 0, 0, 0, 0, 0, '442000199008281260'),
('梁丽芳', '营业中心/西片区', '2015-03-17', '2015-03-17', 3, 3, 5, 0, 5, 0, 0, 5, 1, 0, 0, 0, 0, 0, 0, 0, 0, 0, 0, 0, 0, '442000199009055329'),
('梁亦笑', '营业中心/北片区', '2003-12-23', '2003-12-23', 14, 14, 10, 0, 10, 0, 0, 10, 1, 0, 0, 0, 0, 0, 0, 0, 0, 0, 0, 0, 0, '440421198506088102'),
('梁伟洪', '销售部', '1996-08-01', '1998-01-01', 20, 22, 15, 0, 15, 0, 0, 15, 1, 0, 0, 0, 0, 0, 0, 0, 0, 0, 0, 0, 0, '44200019740918717X'),
('梁克冰', '客户服务部', '1999-10-01', '2003-04-01', 15, 19, 10, 0, 10, 0, 0, 10, 1, 0, 0, 0, 0, 0, 0, 0, 0, 0, 0, 0, 0, '440822197909130225'),
('梁凤娟', '营业中心/东片区', '2012-07-01', '2012-07-06', 6, 6, 5, 0, 5, 0, 0, 5, 1, 0, 0, 0, 0, 0, 0, 0, 0, 0, 0, 0, 0, '442000198907134040'),
('梁剑聪', '营业中心/城区', '2016-10-25', '2016-10-25', 2, 2, 5, 0, 5, 0, 0, 5, 1, 0, 0, 0, 0, 0, 0, 0, 0, 0, 0, 0, 0, '445321198809183755'),
('梁华坤', '运行维护部', '2013-11-15', '2013-11-15', 4, 4, 5, 0, 5, 0, 0, 5, 1, 0, 0, 0, 0, 0, 0, 0, 0, 0, 0, 0, 0, '44200019891010263X'),
('梁华考', '大涌公众营销服务公司', '2008-07-01', '2011-03-01', 7, 10, 5, 0, 5, 0, 0, 5, 1, 0, 0, 0, 0, 0, 0, 0, 0, 0, 0, 0, 0, '441702198511052831'),
('梁嘉欣', '营业中心/南片区', '2011-07-07', '2011-07-07', 7, 7, 5, 0, 5, 0, 0, 5, 1, 0, 0, 0, 0, 0, 0, 0, 0, 0, 0, 0, 0, '442000198806060927'),
('梁嘉红', '营业中心/东片区', '2012-08-11', '2013-08-09', 5, 6, 5, 0, 5, 0, 0, 5, 1, 0, 0, 0, 0, 0, 0, 0, 0, 0, 0, 0, 0, '442000199008114024'),
('梁嘉荣', '三乡分公司', '2016-03-04', '2016-03-04', 2, 2, 5, 0, 5, 0, 0, 5, 1, 0, 0, 0, 0, 0, 0, 0, 0, 0, 0, 0, 0, '442000199308030914'),
('梁嘉辉', '南头黄圃公众营销服务公司', '2011-07-01', '2013-05-28', 5, 7, 5, 0, 5, 0, 0, 5, 1, 0, 0, 0, 0, 0, 0, 0, 0, 0, 0, 0, 0, '442000198809223293'),
('梁培瑜', '营业中心/北片区', '2005-05-01', '2005-05-01', 13, 13, 10, 0, 10, 0, 0, 10, 1, 0, 0, 0, 0, 0, 0, 0, 0, 0, 0, 0, 0, '442000198609027183'),
('梁培芬', '营业中心/西片区', '2015-07-01', '2016-04-27', 2, 3, 5, 0, 5, 0, 0, 5, 1, 0, 0, 0, 0, 0, 0, 0, 0, 0, 0, 0, 0, '442000199207216103'),
('梁少婷', '营业中心/东片区', '2009-06-01', '2015-06-25', 3, 9, 5, 0, 5, 0, 0, 5, 1, 0, 0, 0, 0, 0, 0, 0, 0, 0, 0, 0, 0, '442000198711194025'),
('梁少珍', '营业中心/东片区', '2000-07-01', '2001-10-01', 17, 18, 10, 0, 10, 0, 0, 10, 1, 0, 0, 0, 0, 0, 0, 0, 0, 0, 0, 0, 0, '442000198102153826'),
('梁少聪', '客户服务部', '1987-07-01', '2001-07-01', 17, 31, 10, 0, 10, 0, 0, 10, 1, 0, 0, 0, 0, 0, 0, 0, 0, 0, 0, 0, 0, '440620196901240026'),
('梁展云', '政企客户事业部/一站式支撑中心', '2003-07-01', '2003-07-01', 15, 15, 10, 0, 10, 0, 0, 10, 1, 0, 0, 0, 0, 0, 0, 0, 0, 0, 0, 0, 0, '44200019790205379X'),
('梁广华', '南头黄圃公众营销服务公司', '2008-09-01', '2012-05-28', 6, 10, 5, 0, 5, 0, 0, 5, 1, 0, 0, 0, 0, 0, 0, 0, 0, 0, 0, 0, 0, '442000198508233828'),
('梁志玲', '沙溪公众营销服务公司', '2003-06-01', '2003-10-23', 15, 15, 10, 0, 10, 0, 0, 10, 1, 0, 0, 0, 0, 0, 0, 0, 0, 0, 0, 0, 0, '442000198305306116'),
('梁志辉', '古镇分公司', '2008-01-01', '2011-03-21', 7, 10, 5, 0, 5, 0, 0, 5, 1, 0, 0, 0, 0, 0, 0, 0, 0, 0, 0, 0, 0, '442000198703285314'),
('梁慧宁', '三乡分公司', '1990-07-01', '1998-01-01', 20, 28, 15, 0, 15, 0, 0, 15, 1, 0, 0, 0, 0, 0, 0, 0, 0, 0, 0, 0, 0, '442000197008270327'),
('梁才利', '营业中心/北片区', '2014-01-01', '2015-05-29', 3, 4, 5, 0, 5, 0, 0, 5, 1, 0, 0, 0, 0, 0, 0, 0, 0, 0, 0, 0, 0, '440825198701263014'),
('梁文丽', '营业中心/中片区', '2013-05-16', '2013-05-16', 5, 5, 5, 0, 5, 0, 0, 5, 1, 0, 0, 0, 0, 0, 0, 0, 0, 0, 0, 0, 0, '445321199007252522'),
('梁文发', '运行维护部', '2005-06-13', '2005-06-13', 13, 13, 10, 0, 10, 0, 0, 10, 1, 0, 0, 0, 0, 0, 0, 0, 0, 0, 0, 0, 0, '442000198303273699'),
('梁文清', '营业中心/东片区', '2002-09-01', '2003-12-21', 14, 16, 10, 0, 10, 0, 0, 10, 1, 0, 0, 0, 0, 0, 0, 0, 0, 0, 0, 0, 0, '442000198603102584'),
('梁文锐', '三角分公司', '2010-08-01', '2014-10-13', 4, 8, 5, 0, 5, 0, 0, 5, 1, 0, 0, 0, 0, 0, 0, 0, 0, 0, 0, 0, 0, '442000198704103295'),
('梁文锷', '东部家庭互联网营服公司', '2008-09-01', '2015-07-03', 3, 10, 5, 0, 5, 0, 0, 5, 1, 0, 0, 0, 0, 0, 0, 0, 0, 0, 0, 0, 0, '442000198505063294'),
('梁斯敏', '小榄分公司', '2005-04-01', '2005-04-01', 13, 13, 10, 0, 10, 0, 0, 10, 1, 0, 0, 0, 0, 0, 0, 0, 0, 0, 0, 0, 0, '442000198607277162'),
('梁施敏', '营业中心/南片区', '2013-08-01', '2016-03-18', 2, 5, 5, 0, 5, 0, 0, 5, 1, 0, 0, 0, 0, 0, 0, 0, 0, 0, 0, 0, 0, '44200019910823092X'),
('梁明君', '古镇分公司', '2008-03-01', '2011-10-25', 7, 10, 5, 0, 5, 0, 0, 5, 1, 0, 0, 0, 0, 0, 0, 0, 0, 0, 0, 0, 0, '441225198510020018'),
('梁暖霞', '营业中心/东片区', '2010-07-01', '2010-12-17', 7, 8, 5, 0, 5, 0, 0, 5, 1, 0, 0, 0, 0, 0, 0, 0, 0, 0, 0, 0, 0, '442000198611014066'),
('梁月梅', '三乡分公司', '2003-12-01', '2003-12-01', 14, 14, 10, 0, 10, 0, 0, 10, 1, 0, 0, 0, 0, 0, 0, 0, 0, 0, 0, 0, 0, '441225198112201323'),
('梁朝伟', '营业中心/西片区', '2015-05-29', '2015-05-29', 3, 3, 5, 0, 5, 0, 0, 5, 1, 0, 0, 0, 0, 0, 0, 0, 0, 0, 0, 0, 0, '442000199206206114'),
('梁杏恩', '营业中心/西片区', '2012-05-02', '2012-05-02', 6, 6, 5, 0, 5, 0, 0, 5, 1, 0, 0, 0, 0, 0, 0, 0, 0, 0, 0, 0, 0, '442000199008296120'),
('梁树成', '东部家庭互联网营服公司', '2013-02-05', '2013-02-05', 5, 5, 5, 0, 5, 0, 0, 5, 1, 0, 0, 0, 0, 0, 0, 0, 0, 0, 0, 0, 0, '442000199008014656'),
('梁正威', '企业信息化营销服务中心', '2014-07-02', '2014-07-02', 4, 4, 5, 0, 5, 0, 0, 5, 1, 0, 0, 0, 0, 0, 0, 0, 0, 0, 0, 0, 0, '440921199009236559'),
('梁永滔', '综合部', '2006-01-01', '2017-05-04', 1, 12, 5, 0, 5, 0, 0, 5, 1, 0, 0, 0, 0, 0, 0, 0, 0, 0, 0, 0, 0, '442000198109080850'),
('梁永鸿', '营业中心/北片区', '2015-09-05', '2015-09-05', 3, 3, 5, 0, 5, 0, 0, 5, 1, 0, 0, 0, 0, 0, 0, 0, 0, 0, 0, 0, 0, '442000199309105498'),
('梁洁', '客户服务部', '1998-10-01', '2001-07-01', 17, 20, 10, 0, 10, 0, 0, 10, 1, 0, 0, 0, 0, 0, 0, 0, 0, 0, 0, 0, 0, '440203197907306125'),
('梁浩康', '横栏公众营销服务公司', '2013-09-16', '2014-05-31', 4, 5, 5, 0, 5, 0, 0, 5, 1, 0, 0, 0, 0, 0, 0, 0, 0, 0, 0, 0, 0, '442000199006296151'),
('梁淑媚', '客户服务部', '1999-05-01', '2001-07-01', 17, 19, 10, 0, 10, 0, 0, 10, 1, 0, 0, 0, 0, 0, 0, 0, 0, 0, 0, 0, 0, '442000197504107369'),
('梁淑清', '三乡分公司', '2015-04-20', '2015-04-20', 3, 3, 5, 0, 5, 0, 0, 5, 1, 0, 0, 0, 0, 0, 0, 0, 0, 0, 0, 0, 0, '442000199208301262'),
('梁淑萍', '互联网发展中心', '2010-03-15', '2010-03-15', 8, 8, 5, 0, 5, 0, 0, 5, 1, 0, 0, 0, 0, 0, 0, 0, 0, 0, 0, 0, 0, '442000198805078922'),
('梁添武', '坦洲神湾公众营销服务公司', '2015-07-24', '2015-07-24', 3, 3, 5, 0, 5, 0, 0, 5, 1, 0, 0, 0, 0, 0, 0, 0, 0, 0, 0, 0, 0, '442000199107160915'),
('梁照华', '小榄分公司', '2003-02-01', '2011-03-09', 7, 15, 5, 0, 5, 0, 0, 5, 1, 0, 0, 0, 0, 0, 0, 0, 0, 0, 0, 0, 0, '442000198012045493'),
('梁笑新', '营业中心/北片区', '2010-07-29', '2010-07-29', 8, 8, 5, 0, 5, 0, 0, 5, 1, 0, 0, 0, 0, 0, 0, 0, 0, 0, 0, 0, 0, '442000198808044242'),
('梁红英', '运行维护部', '1995-07-01', '1998-01-01', 20, 23, 15, 0, 15, 0, 0, 15, 1, 0, 0, 0, 0, 0, 0, 0, 0, 0, 0, 0, 0, '44200019720901088X'),
('梁艳文', '客户服务部', '2007-02-07', '2007-02-07', 11, 11, 10, 0, 10, 0, 0, 10, 1, 0, 0, 0, 0, 0, 0, 0, 0, 0, 0, 0, 0, '442000198801212960'),
('梁莉', '营业中心/西片区', '2012-11-07', '2014-04-01', 4, 6, 5, 0, 5, 0, 0, 5, 1, 0, 0, 0, 0, 0, 0, 0, 0, 0, 0, 0, 0, '442000199012040865'),
('梁裕明', '三乡分公司', '2013-08-01', '2015-12-15', 2, 5, 5, 0, 5, 0, 0, 5, 1, 0, 0, 0, 0, 0, 0, 0, 0, 0, 0, 0, 0, '442000199210120911'),
('梁豪杰', '南头黄圃公众营销服务公司', '2012-04-27', '2012-04-27', 6, 6, 5, 0, 5, 0, 0, 5, 1, 0, 0, 0, 0, 0, 0, 0, 0, 0, 0, 0, 0, '442000198807163290'),
('梁钊坤', '东部家庭互联网营服公司', '2003-03-01', '2007-05-01', 11, 15, 10, 0, 10, 0, 0, 10, 1, 0, 0, 0, 0, 0, 0, 0, 0, 0, 0, 0, 0, '44200019800113815X'),
('梁锡标', '古镇分公司', '2006-02-01', '2005-09-17', 13, 12, 10, 0, 10, 0, 0, 10, 1, 0, 0, 0, 0, 0, 0, 0, 0, 0, 0, 0, 0, '442000198601206136'),
('梁雪冰', '营业中心/中片区', '2012-08-13', '2012-08-13', 6, 6, 5, 0, 5, 0, 0, 5, 1, 0, 0, 0, 0, 0, 0, 0, 0, 0, 0, 0, 0, '44078319881007152X'),
('梁雪敏', '三角分公司', '2014-05-15', '2014-05-15', 4, 4, 5, 0, 5, 0, 0, 5, 1, 0, 0, 0, 0, 0, 0, 0, 0, 0, 0, 0, 0, '442000199110012948'),
('梁震', '战略客户部', '1999-07-01', '2008-09-16', 10, 19, 10, 0, 10, 0, 0, 10, 1, 0, 0, 0, 0, 0, 0, 0, 0, 0, 0, 0, 0, '410204197609062012'),
('梁霞', '营业中心', '2011-01-04', '2011-01-04', 7, 7, 5, 0, 5, 0, 0, 5, 1, 0, 0, 0, 0, 0, 0, 0, 0, 0, 0, 0, 0, '44080219870513002X'),
('梅凤庄', '三乡分公司', '1997-07-01', '2001-07-01', 17, 21, 10, 0, 10, 0, 0, 10, 1, 0, 0, 0, 0, 0, 0, 0, 0, 0, 0, 0, 0, '442000197903160888'),
('梅建荣', '火炬开发区分公司', '2014-02-01', '2016-11-23', 1, 4, 5, 0, 5, 0, 0, 5, 1, 0, 0, 0, 0, 0, 0, 0, 0, 0, 0, 0, 0, '442000199202040858'),
('梅雯珊', '人力资源部', '2009-12-21', '2009-12-21', 8, 8, 5, 0, 5, 0, 0, 5, 1, 0, 0, 0, 0, 0, 0, 0, 0, 0, 0, 0, 0, '442000198811080869'),
('欧倩欣', '存量经营与大数据挖掘中心', '2010-12-20', '2010-12-20', 7, 7, 5, 0, 5, 0, 0, 5, 1, 0, 0, 0, 0, 0, 0, 0, 0, 0, 0, 0, 0, '442000198706268405'),
('欧国庆', '企业信息化营销服务中心', '2016-07-04', '2016-07-04', 2, 2, 5, 0, 5, 0, 0, 5, 1, 0, 0, 0, 0, 0, 0, 0, 0, 0, 0, 0, 0, '341122199408220618'),
('欧小冰', '客户服务部', '2002-07-01', '2002-07-09', 16, 16, 10, 0, 10, 0, 0, 10, 1, 0, 0, 0, 0, 0, 0, 0, 0, 0, 0, 0, 0, '441225198208251026'),
('欧志鹏', '营业中心/北片区', '2014-11-07', '2014-11-07', 4, 4, 5, 0, 5, 0, 0, 5, 1, 0, 0, 0, 0, 0, 0, 0, 0, 0, 0, 0, 0, '44200019911217529X'),
('欧惠华', '财务与投资部', '2008-06-01', '2008-06-01', 10, 10, 10, 0, 10, 0, 0, 10, 1, 0, 0, 0, 0, 0, 0, 0, 0, 0, 0, 0, 0, '442000198503235734'),
('欧沛泉', '三乡家庭互联网营服公司', '2011-12-01', '2018-02-02', 0, 6, 0, 0, 0, 0, 0, 0, 1, 0, 0, 0, 0, 0, 0, 0, 0, 0, 0, 0, 0, '44200019890915095X'),
('欧进豪', '营业中心/北片区', '2010-06-01', '2015-02-09', 3, 8, 5, 0, 5, 0, 0, 5, 1, 0, 0, 0, 0, 0, 0, 0, 0, 0, 0, 0, 0, '442000198904074054'),
('欧阳峰', '运行维护部', '2002-05-29', '2002-05-29', 16, 16, 10, 0, 10, 0, 0, 10, 1, 0, 0, 0, 0, 0, 0, 0, 0, 0, 0, 0, 0, '440182197912030311'),
('欧阳柱冰', '客户服务部', '2000-01-01', '2007-08-23', 11, 18, 10, 0, 10, 0, 0, 10, 1, 0, 0, 0, 0, 0, 0, 0, 0, 0, 0, 0, 0, '441821198207122748'),
('欧阳素雅', '营业中心/城区', '2014-05-08', '2014-05-08', 4, 4, 5, 0, 5, 0, 0, 5, 1, 0, 0, 0, 0, 0, 0, 0, 0, 0, 0, 0, 0, '362421199306110041'),
('欧颖怡', '营业中心/城区', '2002-07-01', '2008-03-10', 10, 16, 10, 0, 10, 0, 0, 10, 1, 0, 0, 0, 0, 0, 0, 0, 0, 0, 0, 0, 0, '442000198211230720'),
('步士伟', '城区公众营销服务公司', '2003-06-01', '2010-03-18', 8, 15, 5, 0, 5, 0, 0, 5, 1, 0, 0, 0, 0, 0, 0, 0, 0, 0, 0, 0, 0, '372524198306103070'),
('段亚军', '网络优化中心', '2015-07-08', '2015-07-08', 3, 3, 5, 0, 5, 0, 0, 5, 1, 0, 0, 0, 0, 0, 0, 0, 0, 0, 0, 0, 0, '61052419891116681X'),
('段鸿章', '企业信息化营销服务中心', '2002-07-01', '2004-01-01', 14, 16, 10, 0, 10, 0, 0, 10, 1, 0, 0, 0, 0, 0, 0, 0, 0, 0, 0, 0, 0, '342128197806300314'),
('毛峰', '运行维护部', '1991-07-01', '1997-03-01', 21, 27, 15, 0, 15, 0, 0, 15, 1, 0, 0, 0, 0, 0, 0, 0, 0, 0, 0, 0, 0, '432624196909206119'),
('江雪玉', '营业中心/城区', '2006-08-01', '2007-07-10', 11, 12, 10, 0, 10, 0, 0, 10, 1, 0, 0, 0, 0, 0, 0, 0, 0, 0, 0, 0, 0, '445281199001055940'),
('汤妙娜', '客户服务部', '2010-12-20', '2010-12-20', 7, 7, 5, 0, 5, 0, 0, 5, 1, 0, 0, 0, 0, 0, 0, 0, 0, 0, 0, 0, 0, '445122198908205441'),
('汪小兵', '高级专家', '1999-07-01', '2003-07-14', 15, 19, 10, 0, 10, 0, 0, 10, 1, 0, 0, 0, 0, 0, 0, 0, 0, 0, 0, 0, 0, '422201197506250015'),
('汪潇', '战略客户部', '2012-12-01', '2014-03-10', 4, 5, 5, 0, 5, 0, 0, 5, 1, 0, 0, 0, 0, 0, 0, 0, 0, 0, 0, 0, 0, '62010219850414181X'),
('汪鹏', '火炬南朗公众营销服务公司', '2012-04-18', '2012-04-18', 6, 6, 5, 0, 5, 0, 0, 5, 1, 0, 0, 0, 0, 0, 0, 0, 0, 0, 0, 0, 0, '430623198908078312'),
('沈锋', '小榄公众营销服务公司', '1995-08-01', '2004-06-08', 14, 23, 10, 0, 10, 0, 0, 10, 1, 0, 0, 0, 0, 0, 0, 0, 0, 0, 0, 0, 0, '441822197804188317'),
('洪伟荣', '中部家庭互联网营服公司', '2010-01-01', '2014-02-25', 4, 8, 5, 0, 5, 0, 0, 5, 1, 0, 0, 0, 0, 0, 0, 0, 0, 0, 0, 0, 0, '442000198506132351'),
('洪光', '运行维护部', '2012-07-01', '2012-07-01', 6, 6, 5, 0, 5, 0, 0, 5, 1, 0, 0, 0, 0, 0, 0, 0, 0, 0, 0, 0, 0, '230123198802142078'),
('洪靖华', '运行维护部', '1997-07-01', '1998-01-01', 20, 21, 15, 0, 15, 0, 0, 15, 1, 0, 0, 0, 0, 0, 0, 0, 0, 0, 0, 0, 0, '442000197410118374'),
('温林生', '光纤到户办公室', '1984-08-01', '1998-04-01', 20, 34, 15, 0, 15, 0, 0, 15, 1, 0, 0, 0, 0, 0, 0, 0, 0, 0, 0, 0, 0, '36220119640707043X'),
('温科锋', '网络建设部', '2002-07-01', '2002-07-01', 16, 16, 10, 0, 10, 0, 0, 10, 1, 0, 0, 0, 0, 0, 0, 0, 0, 0, 0, 0, 0, '452228197807300034'),
('温钢龙', '火炬南朗公众营销服务公司', '1996-11-01', '2003-05-29', 15, 22, 10, 0, 10, 0, 0, 10, 1, 0, 0, 0, 0, 0, 0, 0, 0, 0, 0, 0, 0, '442000197311160032'),
('游家滔', '城区分公司', '2011-11-01', '2014-09-01', 4, 7, 5, 0, 5, 0, 0, 5, 1, 0, 0, 0, 0, 0, 0, 0, 0, 0, 0, 0, 0, '442000198903050712'),
('潘共新', '财务与投资部', '2005-03-14', '2005-03-14', 13, 13, 10, 0, 10, 0, 0, 10, 1, 0, 0, 0, 0, 0, 0, 0, 0, 0, 0, 0, 0, '44018319810219282x'),
('潘国樑', '企业信息化营销服务中心', '2011-07-01', '2015-05-04', 3, 7, 5, 0, 5, 0, 0, 5, 1, 0, 0, 0, 0, 0, 0, 0, 0, 0, 0, 0, 0, '442000198807042798'),
('潘广聪', '运行维护部', '2008-07-01', '2018-03-02', 0, 10, 0, 0, 0, 0, 0, 0, 1, 0, 0, 0, 0, 0, 0, 0, 0, 0, 0, 0, 0, '44088119841201723X'),
('潘惠荣', '南部家庭互联网营服公司', '2007-05-01', '2010-08-23', 8, 11, 5, 0, 5, 0, 0, 5, 1, 0, 0, 0, 0, 0, 0, 0, 0, 0, 0, 0, 0, '442000198608030954'),
('潘新梁', '三乡分公司', '2004-06-01', '2010-06-21', 8, 14, 5, 0, 5, 0, 0, 5, 1, 0, 0, 0, 0, 0, 0, 0, 0, 0, 0, 0, 0, '440402198210159195'),
('潘栩怡', '客户服务部', '2008-07-01', '2008-07-01', 10, 10, 10, 0, 10, 0, 0, 10, 1, 0, 0, 0, 0, 0, 0, 0, 0, 0, 0, 0, 0, '440602198605112122'),
('潘紫琳', '人力资源部', '2015-04-17', '2015-04-17', 3, 3, 5, 0, 5, 0, 0, 5, 1, 0, 0, 0, 0, 0, 0, 0, 0, 0, 0, 0, 0, '440183199308244028'),
('潘钧廷', '市场部/业务支撑中心', '2009-04-14', '2009-04-14', 9, 9, 5, 0, 5, 0, 0, 5, 1, 0, 0, 0, 0, 0, 0, 0, 0, 0, 0, 0, 0, '442000198607040018'),
('熊兰', '三角分公司', '2016-12-02', '2016-12-02', 1, 1, 5, 0, 5, 0, 0, 5, 1, 0, 0, 0, 0, 0, 0, 0, 0, 0, 0, 0, 0, '362203199011013523'),
('熊垒', '三乡分公司', '2006-02-01', '2010-04-15', 8, 12, 5, 0, 5, 0, 0, 5, 1, 0, 0, 0, 0, 0, 0, 0, 0, 0, 0, 0, 0, '411503198603044812'),
('熊晓庆', '客户服务部', '1996-01-01', '2008-08-01', 10, 22, 10, 0, 10, 0, 0, 10, 1, 0, 0, 0, 0, 0, 0, 0, 0, 0, 0, 0, 0, '442000197711130326'),
('熊瑜平', '城区分公司', '2009-06-08', '2009-06-08', 9, 9, 5, 0, 5, 0, 0, 5, 1, 0, 0, 0, 0, 0, 0, 0, 0, 0, 0, 0, 0, '350824198505274172'),
('王丽华', '营业中心/北片区', '2010-04-16', '2010-04-16', 8, 8, 5, 0, 5, 0, 0, 5, 1, 0, 0, 0, 0, 0, 0, 0, 0, 0, 0, 0, 0, '440781198811084346'),
('王丽容', '营业中心/北片区', '2010-03-29', '2010-03-29', 8, 8, 5, 0, 5, 0, 0, 5, 1, 0, 0, 0, 0, 0, 0, 0, 0, 0, 0, 0, 0, '440781198805160541'),
('王亚军', '运行维护部', '2002-07-01', '2002-07-01', 16, 16, 10, 0, 10, 0, 0, 10, 1, 0, 0, 0, 0, 0, 0, 0, 0, 0, 0, 0, 0, '610524197709144014'),
('王伟波', '网络建设部', '1998-07-01', '2000-02-01', 18, 20, 10, 0, 10, 0, 0, 10, 1, 0, 0, 0, 0, 0, 0, 0, 0, 0, 0, 0, 0, '441425197504135093'),
('王卓珊', '工会', '1988-06-01', '1998-01-01', 20, 30, 15, 0, 15, 0, 0, 15, 1, 0, 0, 0, 0, 0, 0, 0, 0, 0, 0, 0, 0, '440620196911120327'),
('王彩连', '城区分公司', '2016-03-16', '2016-03-16', 2, 2, 5, 0, 5, 0, 0, 5, 1, 0, 0, 0, 0, 0, 0, 0, 0, 0, 0, 0, 0, '440882199005263928'),
('王志敏', '网络优化中心', '2003-07-01', '2010-10-20', 8, 15, 5, 0, 5, 0, 0, 5, 1, 0, 0, 0, 0, 0, 0, 0, 0, 0, 0, 0, 0, '441821198008150914'),
('王思义', '网络建设部', '2014-07-02', '2014-07-02', 4, 4, 5, 0, 5, 0, 0, 5, 1, 0, 0, 0, 0, 0, 0, 0, 0, 0, 0, 0, 0, '43092319870609525X'),
('王文慧', '古镇分公司', '2014-07-01', '2015-08-11', 3, 4, 5, 0, 5, 0, 0, 5, 1, 0, 0, 0, 0, 0, 0, 0, 0, 0, 0, 0, 0, '440923199004282639'),
('王欢', '城区分公司', '2000-06-28', '2004-07-01', 14, 18, 10, 0, 10, 0, 0, 10, 1, 0, 0, 0, 0, 0, 0, 0, 0, 0, 0, 0, 0, '320223197712281114'),
('王永平', '营业中心/西片区', '2015-04-09', '2015-04-09', 3, 3, 5, 0, 5, 0, 0, 5, 1, 0, 0, 0, 0, 0, 0, 0, 0, 0, 0, 0, 0, '442000199204216634'),
('王洁雯', '营业中心/城区', '2016-02-23', '2016-02-23', 2, 2, 5, 0, 5, 0, 0, 5, 1, 0, 0, 0, 0, 0, 0, 0, 0, 0, 0, 0, 0, '445102199307101443'),
('王涛', '小榄公众营销服务公司', '2005-07-01', '2012-05-02', 6, 13, 5, 0, 5, 0, 0, 5, 1, 0, 0, 0, 0, 0, 0, 0, 0, 0, 0, 0, 0, '220421198209032515'),
('王绮琪', '营业中心/东片区', '2009-06-01', '2011-04-12', 7, 9, 5, 0, 5, 0, 0, 5, 1, 0, 0, 0, 0, 0, 0, 0, 0, 0, 0, 0, 0, '442000198802253289'),
('王芳', '网络优化中心', '2014-04-18', '2014-04-18', 4, 4, 5, 0, 5, 0, 0, 5, 1, 0, 0, 0, 0, 0, 0, 0, 0, 0, 0, 0, 0, '420621198709174526'),
('王雄华', '存量经营与大数据挖掘中心', '2015-07-06', '2015-07-06', 3, 3, 5, 0, 5, 0, 0, 5, 1, 0, 0, 0, 0, 0, 0, 0, 0, 0, 0, 0, 0, '440982199101301619'),
('王雪平', '城区分公司', '2003-12-05', '2003-12-05', 14, 14, 10, 0, 10, 0, 0, 10, 1, 0, 0, 0, 0, 0, 0, 0, 0, 0, 0, 0, 0, '44022919841206322x'),
('甘丽雯', '营业中心/北片区', '2013-11-01', '2014-06-18', 4, 5, 5, 0, 5, 0, 0, 5, 1, 0, 0, 0, 0, 0, 0, 0, 0, 0, 0, 0, 0, '44200019910907552X'),
('甘子运', '人力资源部', '2016-07-04', '2016-07-04', 2, 2, 5, 0, 5, 0, 0, 5, 1, 0, 0, 0, 0, 0, 0, 0, 0, 0, 0, 0, 0, '440921199209302936'),
('甘绮雯', '古镇分公司', '2016-01-20', '2016-01-20', 2, 2, 5, 0, 5, 0, 0, 5, 1, 0, 0, 0, 0, 0, 0, 0, 0, 0, 0, 0, 0, '442000198712195724'),
('田月功', '三乡分公司', '2008-03-19', '2008-03-19', 10, 10, 10, 0, 10, 0, 0, 10, 1, 0, 0, 0, 0, 0, 0, 0, 0, 0, 0, 0, 0, '372522198410255813'),
('盘发雄', '古镇公众营销服务公司', '2011-08-01', '2015-03-17', 3, 7, 5, 0, 5, 0, 0, 5, 1, 0, 0, 0, 0, 0, 0, 0, 0, 0, 0, 0, 0, '445381198709146910'),
('禤毅良', '人力资源部', '2004-07-01', '2004-07-01', 14, 14, 10, 0, 10, 0, 0, 10, 1, 0, 0, 0, 0, 0, 0, 0, 0, 0, 0, 0, 0, '441802197712240215'),
('秦家燕', '政企客户事业部', '2010-05-01', '2010-11-19', 7, 8, 5, 0, 5, 0, 0, 5, 1, 0, 0, 0, 0, 0, 0, 0, 0, 0, 0, 0, 0, '442000198612127660'),
('秦晓川', '政企客户事业部', '2004-07-08', '2004-07-08', 14, 14, 10, 0, 10, 0, 0, 10, 1, 0, 0, 0, 0, 0, 0, 0, 0, 0, 0, 0, 0, '44200019820312002X'),
('程丽娟', '营业中心/中片区', '1997-08-13', '2001-07-01', 17, 21, 10, 0, 10, 0, 0, 10, 1, 0, 0, 0, 0, 0, 0, 0, 0, 0, 0, 0, 0, '442000197903122048'),
('程宗贤', '政企客户事业部', '1991-07-01', '2004-09-23', 14, 27, 10, 0, 10, 0, 0, 10, 1, 0, 0, 0, 0, 0, 0, 0, 0, 0, 0, 0, 0, '320102196810022915'),
('程文洁', '火炬南朗公众营销服务公司', '2001-07-01', '2003-12-01', 14, 17, 10, 0, 10, 0, 0, 10, 1, 0, 0, 0, 0, 0, 0, 0, 0, 0, 0, 0, 0, '44200019790627205X'),
('符安燕', '政企客户事业部/教育信息化中心', '2007-07-01', '2007-07-01', 11, 11, 10, 0, 10, 0, 0, 10, 1, 0, 0, 0, 0, 0, 0, 0, 0, 0, 0, 0, 0, '430423198403068222'),
('符旭', '战略客户部', '1997-01-01', '2008-04-01', 10, 21, 10, 0, 10, 0, 0, 10, 1, 0, 0, 0, 0, 0, 0, 0, 0, 0, 0, 0, 0, '430602197407233015'),
('简桂彬', '火炬开发区分公司', '2005-03-01', '2012-10-23', 6, 13, 5, 0, 5, 0, 0, 5, 1, 0, 0, 0, 0, 0, 0, 0, 0, 0, 0, 0, 0, '440105198310310019'),
('练秀欢', '客户服务部', '2004-09-01', '2005-01-10', 13, 14, 10, 0, 10, 0, 0, 10, 1, 0, 0, 0, 0, 0, 0, 0, 0, 0, 0, 0, 0, '441481198401032927'),
('罗和云', '营业中心', '1997-07-01', '1997-07-01', 21, 21, 15, 0, 15, 0, 0, 15, 1, 0, 0, 0, 0, 0, 0, 0, 0, 0, 0, 0, 0, '43010419760413402X'),
('罗壹琳', '火炬南朗公众营销服务公司', '2016-07-27', '2016-07-27', 2, 2, 5, 0, 5, 0, 0, 5, 1, 0, 0, 0, 0, 0, 0, 0, 0, 0, 0, 0, 0, '440421199412318020'),
('罗少清', '小榄公众营销服务公司', '1999-07-01', '2002-02-01', 16, 19, 10, 0, 10, 0, 0, 10, 1, 0, 0, 0, 0, 0, 0, 0, 0, 0, 0, 0, 0, '445122197910224129'),
('罗敏仪', '营业中心/中片区', '2009-07-01', '2014-02-28', 4, 9, 5, 0, 5, 0, 0, 5, 1, 0, 0, 0, 0, 0, 0, 0, 0, 0, 0, 0, 0, '442000198809087340'),
('罗文东', '存量经营与大数据挖掘中心/互联网发展中心', '1988-07-01', '1997-09-01', 21, 30, 15, 0, 15, 0, 0, 15, 1, 0, 0, 0, 0, 0, 0, 0, 0, 0, 0, 0, 0, '441425197012100038'),
('罗昊君', '城区公众营销服务公司', '2004-03-16', '2004-03-10', 14, 14, 10, 0, 10, 0, 0, 10, 1, 0, 0, 0, 0, 0, 0, 0, 0, 0, 0, 0, 0, '442000198101150017'),
('罗智贤', '营业中心/东片区', '2014-03-01', '2015-10-28', 3, 4, 5, 0, 5, 0, 0, 5, 1, 0, 0, 0, 0, 0, 0, 0, 0, 0, 0, 0, 0, '442000199112223802'),
('罗杰', '营业中心/城区', '2014-05-08', '2014-05-08', 4, 4, 5, 0, 5, 0, 0, 5, 1, 0, 0, 0, 0, 0, 0, 0, 0, 0, 0, 0, 0, '440902199201012513'),
('罗杰洪', '营业中心/北片区', '2012-07-19', '2012-07-19', 6, 6, 5, 0, 5, 0, 0, 5, 1, 0, 0, 0, 0, 0, 0, 0, 0, 0, 0, 0, 0, '442000199002105610'),
('罗松辉', '横栏公众营销服务公司', '2015-01-07', '2015-01-07', 3, 3, 5, 0, 5, 0, 0, 5, 1, 0, 0, 0, 0, 0, 0, 0, 0, 0, 0, 0, 0, '442000199109286116'),
('罗沐彬', '南部家庭互联网营服公司', '2012-07-01', '2012-07-01', 6, 6, 5, 0, 5, 0, 0, 5, 1, 0, 0, 0, 0, 0, 0, 0, 0, 0, 0, 0, 0, '441481198904080031'),
('罗炽恩', '小榄公众营销服务公司', '2009-02-26', '2009-02-26', 9, 9, 5, 0, 5, 0, 0, 5, 1, 0, 0, 0, 0, 0, 0, 0, 0, 0, 0, 0, 0, '44200019861002545X'),
('罗瑞康', '运行维护部', '2014-07-01', '2015-11-12', 3, 4, 5, 0, 5, 0, 0, 5, 1, 0, 0, 0, 0, 0, 0, 0, 0, 0, 0, 0, 0, '441225199107200013'),
('罗配华', '营业中心/西片区', '2003-07-15', '2003-07-15', 15, 15, 10, 0, 10, 0, 0, 10, 1, 0, 0, 0, 0, 0, 0, 0, 0, 0, 0, 0, 0, '441881198402163429'),
('罗雪云', '东凤阜沙公众营销服务公司', '2004-06-01', '2004-05-08', 14, 14, 10, 0, 10, 0, 0, 10, 1, 0, 0, 0, 0, 0, 0, 0, 0, 0, 0, 0, 0, '442000198510083847'),
('翁晓宣', '火炬开发区分公司', '2010-07-01', '2011-03-17', 7, 8, 5, 0, 5, 0, 0, 5, 1, 0, 0, 0, 0, 0, 0, 0, 0, 0, 0, 0, 0, '445102198705121410'),
('翟华健', '北部家庭互联网营服公司', '2000-05-30', '2003-10-13', 15, 18, 10, 0, 10, 0, 0, 10, 1, 0, 0, 0, 0, 0, 0, 0, 0, 0, 0, 0, 0, '441322198003055837'),
('聂伟恒', '存量经营与大数据挖掘中心', '2016-09-21', '2016-09-21', 2, 2, 5, 0, 5, 0, 0, 5, 1, 0, 0, 0, 0, 0, 0, 0, 0, 0, 0, 0, 0, '440782199307050615'),
('聂剑泉', '古镇分公司', '1995-07-01', '2004-05-15', 14, 23, 10, 0, 10, 0, 0, 10, 1, 0, 0, 0, 0, 0, 0, 0, 0, 0, 0, 0, 0, '441229197308070733'),
('聂水群', '营业中心/北片区', '2014-04-01', '2015-04-01', 3, 4, 5, 0, 5, 0, 0, 5, 1, 0, 0, 0, 0, 0, 0, 0, 0, 0, 0, 0, 0, '44532219890704072X'),
('肖冠荣', '政企客户事业部/一站式支撑中心', '2001-07-01', '2007-05-01', 11, 17, 10, 0, 10, 0, 0, 10, 1, 0, 0, 0, 0, 0, 0, 0, 0, 0, 0, 0, 0, '442000198202021572'),
('肖凤娟', '客户服务部', '1992-07-01', '2003-10-13', 15, 26, 10, 0, 10, 0, 0, 10, 1, 0, 0, 0, 0, 0, 0, 0, 0, 0, 0, 0, 0, '442000197312251788'),
('肖剑飞', '横栏公众营销服务公司', '2014-03-04', '2014-03-04', 4, 4, 5, 0, 5, 0, 0, 5, 1, 0, 0, 0, 0, 0, 0, 0, 0, 0, 0, 0, 0, '440882199010063074'),
('肖尔广', '营业中心/中片区', '2015-07-24', '2015-07-24', 3, 3, 5, 0, 5, 0, 0, 5, 1, 0, 0, 0, 0, 0, 0, 0, 0, 0, 0, 0, 0, '441521199207142712'),
('肖泳沙', '客户服务部', '2014-04-22', '2014-04-22', 4, 4, 5, 0, 5, 0, 0, 5, 1, 0, 0, 0, 0, 0, 0, 0, 0, 0, 0, 0, 0, '44200019910502766X'),
('肖滔', '运行维护部', '2010-07-15', '2018-03-01', 0, 8, 0, 0, 0, 0, 0, 0, 1, 0, 0, 0, 0, 0, 0, 0, 0, 0, 0, 0, 0, '360313198712200016'),
('肖钟', '市场部/业务支撑中心/火炬南朗公众营销服务公司', '2010-07-01', '2010-07-01', 8, 8, 5, 0, 5, 0, 0, 5, 1, 0, 0, 0, 0, 0, 0, 0, 0, 0, 0, 0, 0, '429004198812170653'),
('胡俊龙', '东部家庭互联网营服公司', '2016-06-17', '2016-06-17', 2, 2, 5, 0, 5, 0, 0, 5, 1, 0, 0, 0, 0, 0, 0, 0, 0, 0, 0, 0, 0, '441424199211054874'),
('胡兵', '营业中心/城区', '2013-12-01', '2014-09-01', 4, 4, 5, 0, 5, 0, 0, 5, 1, 0, 0, 0, 0, 0, 0, 0, 0, 0, 0, 0, 0, '510525198307252773'),
('胡剑青', '政企客户事业部/教育信息化中心', '2015-03-01', '2015-07-06', 3, 3, 5, 0, 5, 0, 0, 5, 1, 0, 0, 0, 0, 0, 0, 0, 0, 0, 0, 0, 0, '441424199209075545'),
('胡勇江', '运行维护部', '2001-06-01', '2004-10-11', 14, 17, 10, 0, 10, 0, 0, 10, 1, 0, 0, 0, 0, 0, 0, 0, 0, 0, 0, 0, 0, '430681197702232619'),
('胡华卫', '运行维护部', '1997-10-01', '2003-08-01', 15, 21, 10, 0, 10, 0, 0, 10, 1, 0, 0, 0, 0, 0, 0, 0, 0, 0, 0, 0, 0, '44023319770707003x'),
('胡培君', '营业中心/城区', '2014-09-16', '2014-09-16', 4, 4, 5, 0, 5, 0, 0, 5, 1, 0, 0, 0, 0, 0, 0, 0, 0, 0, 0, 0, 0, '420902198805295923'),
('胡平', '市场部/业务支撑中心', '2001-07-01', '2001-07-01', 17, 17, 10, 0, 10, 0, 0, 10, 1, 0, 0, 0, 0, 0, 0, 0, 0, 0, 0, 0, 0, '420107197905052551'),
('胡康茹', '战略客户部', '2014-07-02', '2014-07-02', 4, 4, 5, 0, 5, 0, 0, 5, 1, 0, 0, 0, 0, 0, 0, 0, 0, 0, 0, 0, 0, '430623199211178326'),
('胡振荣', '古镇公众营销服务公司', '2011-08-01', '2013-03-05', 5, 7, 5, 0, 5, 0, 0, 5, 1, 0, 0, 0, 0, 0, 0, 0, 0, 0, 0, 0, 0, '440782198808117318'),
('胡梓煜', '信息化服务中心', '2009-07-01', '2009-07-07', 9, 9, 5, 0, 5, 0, 0, 5, 1, 0, 0, 0, 0, 0, 0, 0, 0, 0, 0, 0, 0, '442000198409230013'),
('胡筱航', '火炬开发区分公司', '2014-07-01', '2018-03-13', 0, 4, 0, 0, 0, 0, 0, 0, 1, 0, 0, 0, 0, 0, 0, 0, 0, 0, 0, 0, 0, '442000198905048376'),
('胡锡浩', '政企客户事业部/一站式支撑中心', '2009-07-01', '2009-07-01', 9, 9, 5, 0, 5, 0, 0, 5, 1, 0, 0, 0, 0, 0, 0, 0, 0, 0, 0, 0, 0, '440981198602164957'),
('胡雁英', '信息化服务中心', '1991-01-26', '2001-07-01', 17, 27, 10, 0, 10, 0, 0, 10, 1, 0, 0, 0, 0, 0, 0, 0, 0, 0, 0, 0, 0, '440620197012230121'),
('胡颖莉', '营业中心/西片区', '2013-09-09', '2014-03-25', 4, 5, 5, 0, 5, 0, 0, 5, 1, 0, 0, 0, 0, 0, 0, 0, 0, 0, 0, 0, 0, '442000199003076647'),
('苏冠祥', '东部家庭互联网营服公司', '2015-08-01', '2015-10-16', 3, 3, 5, 0, 5, 0, 0, 5, 1, 0, 0, 0, 0, 0, 0, 0, 0, 0, 0, 0, 0, '442000199204182956'),
('苏坤全', '战略客户部', '2002-03-01', '2008-01-18', 10, 16, 10, 0, 10, 0, 0, 10, 1, 0, 0, 0, 0, 0, 0, 0, 0, 0, 0, 0, 0, '442000197805030430'),
('苏旺娣', '营业中心/西片区', '2012-02-13', '2012-02-13', 6, 6, 5, 0, 5, 0, 0, 5, 1, 0, 0, 0, 0, 0, 0, 0, 0, 0, 0, 0, 0, '442000198910125700'),
('苏显程', '人力资源部', '2012-07-01', '2012-07-01', 6, 6, 5, 0, 5, 0, 0, 5, 1, 0, 0, 0, 0, 0, 0, 0, 0, 0, 0, 0, 0, '442000198912263293'),
('苏楚雯', '营业中心/西片区', '2013-11-25', '2016-10-10', 2, 4, 5, 0, 5, 0, 0, 5, 1, 0, 0, 0, 0, 0, 0, 0, 0, 0, 0, 0, 0, '442000199112175708'),
('苏燕玲', '营业中心/东片区', '2010-04-16', '2010-04-16', 8, 8, 5, 0, 5, 0, 0, 5, 1, 0, 0, 0, 0, 0, 0, 0, 0, 0, 0, 0, 0, '442000198707207364'),
('苏磊', '运行维护部/宽带客户一站式支撑中心', '2009-10-01', '2009-10-01', 9, 9, 5, 0, 5, 0, 0, 5, 1, 0, 0, 0, 0, 0, 0, 0, 0, 0, 0, 0, 0, '44098119841221831X'),
('苏艳', '综合部', '2003-06-01', '2003-06-01', 15, 15, 10, 0, 10, 0, 0, 10, 1, 0, 0, 0, 0, 0, 0, 0, 0, 0, 0, 0, 0, '360102198408294820'),
('范丹妮', '营业中心/城区', '2014-10-24', '2014-10-24', 4, 4, 5, 0, 5, 0, 0, 5, 1, 0, 0, 0, 0, 0, 0, 0, 0, 0, 0, 0, 0, '362201199406220620'),
('范祖森', '客户服务部', '2014-04-28', '2014-04-28', 4, 4, 5, 0, 5, 0, 0, 5, 1, 0, 0, 0, 0, 0, 0, 0, 0, 0, 0, 0, 0, '421022199308015451'),
('范贤丽', '客户服务部', '2003-07-01', '2003-07-01', 15, 15, 10, 0, 10, 0, 0, 10, 1, 0, 0, 0, 0, 0, 0, 0, 0, 0, 0, 0, 0, '430521198109051449'),
('莫开强', '东凤阜沙公众营销服务公司', '2012-07-12', '2012-07-12', 6, 6, 5, 0, 5, 0, 0, 5, 1, 0, 0, 0, 0, 0, 0, 0, 0, 0, 0, 0, 0, '440804199008141134'),
('莫月娥', '客户服务部', '2011-11-28', '2011-11-28', 6, 6, 5, 0, 5, 0, 0, 5, 1, 0, 0, 0, 0, 0, 0, 0, 0, 0, 0, 0, 0, '440881199105013567'),
('莫益间', '财务与投资部', '2014-07-02', '2014-07-02', 4, 4, 5, 0, 5, 0, 0, 5, 1, 0, 0, 0, 0, 0, 0, 0, 0, 0, 0, 0, 0, '441781199007012224'),
('萧健煜', '客户服务部', '2015-01-05', '2015-01-05', 3, 3, 5, 0, 5, 0, 0, 5, 1, 0, 0, 0, 0, 0, 0, 0, 0, 0, 0, 0, 0, '442000199211120315'),
('萧锡云', '城区分公司', '2000-05-01', '2001-07-01', 17, 18, 10, 0, 10, 0, 0, 10, 1, 0, 0, 0, 0, 0, 0, 0, 0, 0, 0, 0, 0, '442000198009176441'),
('葛月宫', '家庭互联网中心', '2012-04-23', '2012-04-23', 6, 6, 5, 0, 5, 0, 0, 5, 1, 0, 0, 0, 0, 0, 0, 0, 0, 0, 0, 0, 0, '412825198412254142'),
('董文超', '运行维护部', '2015-07-06', '2015-07-06', 3, 3, 5, 0, 5, 0, 0, 5, 1, 0, 0, 0, 0, 0, 0, 0, 0, 0, 0, 0, 0, '410223198802093535'),
('董春伶', '营业中心/北片区', '2010-06-01', '2012-07-06', 6, 8, 5, 0, 5, 0, 0, 5, 1, 0, 0, 0, 0, 0, 0, 0, 0, 0, 0, 0, 0, '440982198906025661'),
('董结冰', '财务与投资部/物资中心', '1993-05-01', '2001-07-01', 17, 25, 10, 0, 10, 0, 0, 10, 1, 0, 0, 0, 0, 0, 0, 0, 0, 0, 0, 0, 0, '44200019750422002x'),
('蒋满秀', '政企客户事业部/商企营销中心', '1998-01-01', '2001-07-01', 17, 20, 10, 0, 10, 0, 0, 10, 1, 0, 0, 0, 0, 0, 0, 0, 0, 0, 0, 0, 0, '430419197906125445'),
('蓝昭英', '小榄公众营销服务公司', '2003-12-13', '2003-12-13', 14, 14, 10, 0, 10, 0, 0, 10, 1, 0, 0, 0, 0, 0, 0, 0, 0, 0, 0, 0, 0, '441781198202205940'),
('蔡军', '销售部', '2012-07-01', '2012-07-01', 6, 6, 5, 0, 5, 0, 0, 5, 1, 0, 0, 0, 0, 0, 0, 0, 0, 0, 0, 0, 0, '220203198905110018'),
('蔡凤珠', '营业中心/东片区', '2003-12-01', '2003-12-01', 14, 14, 10, 0, 10, 0, 0, 10, 1, 0, 0, 0, 0, 0, 0, 0, 0, 0, 0, 0, 0, '442000198603032942'),
('蔡增祺', '客户服务部', '2011-01-01', '2012-03-01', 6, 7, 5, 0, 5, 0, 0, 5, 1, 0, 0, 0, 0, 0, 0, 0, 0, 0, 0, 0, 0, '442000198901316601'),
('蔡展月', '销售部', '1997-07-01', '2001-07-01', 17, 21, 10, 0, 10, 0, 0, 10, 1, 0, 0, 0, 0, 0, 0, 0, 0, 0, 0, 0, 0, '442000197908260546'),
('蔡广斯', '城区公众营销服务公司', '2013-05-03', '2014-05-27', 4, 5, 5, 0, 5, 0, 0, 5, 1, 0, 0, 0, 0, 0, 0, 0, 0, 0, 0, 0, 0, '440823199004124934'),
('蔡志成', '运行维护部', '2009-07-01', '2009-07-01', 9, 9, 5, 0, 5, 0, 0, 5, 1, 0, 0, 0, 0, 0, 0, 0, 0, 0, 0, 0, 0, '442000198701310715'),
('蔡蔼霞', '存量经营与大数据挖掘中心', '1994-07-31', '2001-07-01', 17, 24, 10, 0, 10, 0, 0, 10, 1, 0, 0, 0, 0, 0, 0, 0, 0, 0, 0, 0, 0, '442000197607257669'),
('蔡连弟', '营业中心/西片区', '2014-02-13', '2014-02-13', 4, 4, 5, 0, 5, 0, 0, 5, 1, 0, 0, 0, 0, 0, 0, 0, 0, 0, 0, 0, 0, '442000199102095720'),
('蔡锦俊', '战略客户部', '2002-09-01', '2010-07-02', 8, 16, 5, 0, 5, 0, 0, 5, 1, 0, 0, 0, 0, 0, 0, 0, 0, 0, 0, 0, 0, '440923198012144354'),
('蔡镇岳', '运行维护部', '2017-07-03', '2017-07-01', 1, 1, 5, 0, 5, 0, 0, 5, 1, 0, 0, 0, 0, 0, 0, 0, 0, 0, 0, 0, 0, '440221199211260319'),
('蔡鸣凤', '市场部/业务支撑中心', '2011-07-01', '2011-07-01', 7, 7, 5, 0, 5, 0, 0, 5, 1, 0, 0, 0, 0, 0, 0, 0, 0, 0, 0, 0, 0, '440802198804302229'),
('薛玮', '客户服务部', '2003-07-01', '2016-04-11', 2, 15, 5, 0, 5, 0, 0, 5, 1, 0, 0, 0, 0, 0, 0, 0, 0, 0, 0, 0, 0, '32108419821223612X'),
('薛金连', '三角分公司', '1998-07-01', '2001-07-01', 17, 20, 10, 0, 10, 0, 0, 10, 1, 0, 0, 0, 0, 0, 0, 0, 0, 0, 0, 0, 0, '442000197711133703'),
('虞超', '大涌公众营销服务公司', '2003-12-09', '2003-12-08', 14, 14, 10, 0, 10, 0, 0, 10, 1, 0, 0, 0, 0, 0, 0, 0, 0, 0, 0, 0, 0, '430602198203293010'),
('袁书敏', '客户服务部', '1995-10-01', '2003-07-15', 15, 23, 10, 0, 10, 0, 0, 10, 1, 0, 0, 0, 0, 0, 0, 0, 0, 0, 0, 0, 0, '411123197312141064'),
('袁俊智', '营业中心/西片区', '2016-11-15', '2016-11-15', 1, 1, 5, 0, 5, 0, 0, 5, 1, 0, 0, 0, 0, 0, 0, 0, 0, 0, 0, 0, 0, '442000199110015778'),
('袁敏华', '客户服务部', '1994-06-01', '2001-07-01', 17, 24, 10, 0, 10, 0, 0, 10, 1, 0, 0, 0, 0, 0, 0, 0, 0, 0, 0, 0, 0, '442000197501240869'),
('袁晓燕', '财务部', '2009-10-01', '2009-12-01', 8, 9, 5, 0, 5, 0, 0, 5, 1, 0, 0, 0, 0, 0, 0, 0, 0, 0, 0, 0, 0, '44088219870506882X'),
('袁永康', '政企客户事业部/商企营销中心', '2001-07-01', '2001-07-01', 17, 17, 10, 0, 10, 0, 0, 10, 1, 0, 0, 0, 0, 0, 0, 0, 0, 0, 0, 0, 0, '442000197711225712'),
('袁泳燕', '营业中心/西片区', '2013-08-01', '2016-03-17', 2, 5, 5, 0, 5, 0, 0, 5, 1, 0, 0, 0, 0, 0, 0, 0, 0, 0, 0, 0, 0, '442000199111205725'),
('袁美芬', '客户服务部', '2000-04-01', '2001-07-01', 17, 18, 10, 0, 10, 0, 0, 10, 1, 0, 0, 0, 0, 0, 0, 0, 0, 0, 0, 0, 0, '442000198107095725'),
('覃弟安', '财务与投资部/物资中心', '1999-09-15', '2003-09-29', 15, 19, 10, 0, 10, 0, 0, 10, 1, 0, 0, 0, 0, 0, 0, 0, 0, 0, 0, 0, 0, '452128197604212012'),
('覃旭凤', '人力资源部', '2004-05-13', '2004-05-13', 14, 14, 10, 0, 10, 0, 0, 10, 1, 0, 0, 0, 0, 0, 0, 0, 0, 0, 0, 0, 0, '452523198107025624'),
('覃超杰', '营业中心/中片区', '2015-05-08', '2015-05-08', 3, 3, 5, 0, 5, 0, 0, 5, 1, 0, 0, 0, 0, 0, 0, 0, 0, 0, 0, 0, 0, '442000199311232795'),
('詹惠娟', '城区公众营销服务公司', '1999-07-01', '2001-08-01', 17, 19, 10, 0, 10, 0, 0, 10, 1, 0, 0, 0, 0, 0, 0, 0, 0, 0, 0, 0, 0, '445122198105130642'),
('詹日昌', '三乡分公司', '2011-03-17', '2011-03-17', 7, 7, 5, 0, 5, 0, 0, 5, 1, 0, 0, 0, 0, 0, 0, 0, 0, 0, 0, 0, 0, '445122198806210610'),
('詹晓迪', '企业信息化营销服务中心', '2012-02-06', '2012-02-06', 6, 6, 5, 0, 5, 0, 0, 5, 1, 0, 0, 0, 0, 0, 0, 0, 0, 0, 0, 0, 0, '445122199109300623'),
('詹泽曙', '客户服务部', '1990-07-01', '1998-05-01', 20, 28, 15, 0, 15, 0, 0, 15, 1, 0, 0, 0, 0, 0, 0, 0, 0, 0, 0, 0, 0, '440106196803271078'),
('许华娟', '三乡分公司', '2014-03-13', '2014-03-13', 4, 4, 5, 0, 5, 0, 0, 5, 1, 0, 0, 0, 0, 0, 0, 0, 0, 0, 0, 0, 0, '440804198905200603'),
('许国鹏', '企业信息化营销服务中心', '2005-10-01', '2010-12-13', 7, 13, 5, 0, 5, 0, 0, 5, 1, 0, 0, 0, 0, 0, 0, 0, 0, 0, 0, 0, 0, '440229198401291016'),
('许彦斌', '南头黄圃公众营销服务公司', '2005-10-01', '2014-10-09', 4, 13, 5, 0, 5, 0, 0, 5, 1, 0, 0, 0, 0, 0, 0, 0, 0, 0, 0, 0, 0, '445222198307060334'),
('许检会', '存量经营与大数据挖掘中心', '2016-07-04', '2016-07-04', 2, 2, 5, 0, 5, 0, 0, 5, 1, 0, 0, 0, 0, 0, 0, 0, 0, 0, 0, 0, 0, '431023198208061534'),
('许潜', '综合部', '2000-08-01', '2000-08-01', 18, 18, 10, 0, 10, 0, 0, 10, 1, 0, 0, 0, 0, 0, 0, 0, 0, 0, 0, 0, 0, '440204197811016410'),
('谈其伟', '三角民众公众营销服务公司', '2012-10-01', '2018-03-14', 0, 6, 0, 0, 0, 0, 0, 0, 1, 0, 0, 0, 0, 0, 0, 0, 0, 0, 0, 0, 0, '442000199303072955'),
('谢小东', '运行维护部/宽带客户一站式支撑中心', '1990-06-01', '2001-07-11', 17, 28, 10, 0, 10, 0, 0, 10, 1, 0, 0, 0, 0, 0, 0, 0, 0, 0, 0, 0, 0, '430603196712223077'),
('谢彬', '网络优化中心', '2014-07-02', '2014-07-02', 4, 4, 5, 0, 5, 0, 0, 5, 1, 0, 0, 0, 0, 0, 0, 0, 0, 0, 0, 0, 0, '360302198903240011'),
('谢梅钰', '政企客户事业部/教育信息化中心', '2004-08-01', '2005-05-27', 13, 14, 10, 0, 10, 0, 0, 10, 1, 0, 0, 0, 0, 0, 0, 0, 0, 0, 0, 0, 0, '445122198305170024'),
('谢瑞华', '网络建设部', '1997-12-01', '2001-08-14', 17, 20, 10, 0, 10, 0, 0, 10, 1, 0, 0, 0, 0, 0, 0, 0, 0, 0, 0, 0, 0, '440204197810023723'),
('谭世聪', '营业中心/西片区', '2011-05-01', '2012-12-04', 5, 7, 5, 0, 5, 0, 0, 5, 1, 0, 0, 0, 0, 0, 0, 0, 0, 0, 0, 0, 0, '442000198806085702'),
('谭卫标', '战略客户部', '2002-01-01', '2010-02-02', 8, 16, 5, 0, 5, 0, 0, 5, 1, 0, 0, 0, 0, 0, 0, 0, 0, 0, 0, 0, 0, '442000197906277651'),
('谭嘉慧', '客户服务部', '2011-07-01', '2012-09-10', 6, 7, 5, 0, 5, 0, 0, 5, 1, 0, 0, 0, 0, 0, 0, 0, 0, 0, 0, 0, 0, '442000198911038406'),
('谭家成', '城区分公司', '2011-09-01', '2013-10-21', 5, 7, 5, 0, 5, 0, 0, 5, 1, 0, 0, 0, 0, 0, 0, 0, 0, 0, 0, 0, 0, '442000199106062096'),
('贺文杰', '战略客户部', '2012-12-01', '2014-05-12', 4, 5, 5, 0, 5, 0, 0, 5, 1, 0, 0, 0, 0, 0, 0, 0, 0, 0, 0, 0, 0, '362430198709014873'),
('贺花', '营业中心/东片区', '2014-04-08', '2015-04-09', 3, 4, 5, 0, 5, 0, 0, 5, 1, 0, 0, 0, 0, 0, 0, 0, 0, 0, 0, 0, 0, '432522198912012981'),
('贺莉', '营业中心/北片区', '2015-12-22', '2015-12-22', 2, 2, 5, 0, 5, 0, 0, 5, 1, 0, 0, 0, 0, 0, 0, 0, 0, 0, 0, 0, 0, '421302199411167702'),
('赖光耀', '营业中心/中片区', '2008-04-01', '2011-10-17', 7, 10, 5, 0, 5, 0, 0, 5, 1, 0, 0, 0, 0, 0, 0, 0, 0, 0, 0, 0, 0, '440921198502167118'),
('赖凯威', '销售部', '2011-07-01', '2011-07-01', 7, 7, 5, 0, 5, 0, 0, 5, 1, 0, 0, 0, 0, 0, 0, 0, 0, 0, 0, 0, 0, '440224198903200514'),
('赖庭轩', '火炬开发区分公司', '2007-07-01', '2007-07-01', 11, 11, 10, 0, 10, 0, 0, 10, 1, 0, 0, 0, 0, 0, 0, 0, 0, 0, 0, 0, 0, '440921198404050039'),
('赖潜', '三乡公众营销服务公司', '2014-01-15', '2014-01-15', 4, 4, 5, 0, 5, 0, 0, 5, 1, 0, 0, 0, 0, 0, 0, 0, 0, 0, 0, 0, 0, '441427198912180018'),
('赖焕滔', '战略客户部', '2013-07-01', '2014-10-08', 4, 5, 5, 0, 5, 0, 0, 5, 1, 0, 0, 0, 0, 0, 0, 0, 0, 0, 0, 0, 0, '441621199002283816'),
('赵凡', '三角分公司', '2005-11-01', '2014-07-25', 4, 13, 5, 0, 5, 0, 0, 5, 1, 0, 0, 0, 0, 0, 0, 0, 0, 0, 0, 0, 0, '610426198308083021'),
('赵宇', '家庭互联网中心', '1994-08-01', '2018-02-01', 0, 24, 0, 0, 0, 0, 0, 0, 1, 0, 0, 0, 0, 0, 0, 0, 0, 0, 0, 0, 0, '450322197310096512'),
('赵猛', '古镇公众营销服务公司', '1997-09-01', '2008-02-16', 10, 21, 10, 0, 10, 0, 0, 10, 1, 0, 0, 0, 0, 0, 0, 0, 0, 0, 0, 0, 0, '440203197908271817'),
('赵秉雄', '坦洲神湾公众营销服务公司', '1993-07-01', '1997-04-01', 21, 25, 15, 0, 15, 0, 0, 15, 1, 0, 0, 0, 0, 0, 0, 0, 0, 0, 0, 0, 0, '440802197306240817'),
('连浩文', '运行维护部/宽带客户一站式支撑中心', '2015-06-11', '2016-05-13', 2, 3, 5, 0, 5, 0, 0, 5, 1, 0, 0, 0, 0, 0, 0, 0, 0, 0, 0, 0, 0, '442000199309272341'),
('邓丽玲', '客户服务部', '2009-06-01', '2010-10-20', 8, 9, 5, 0, 5, 0, 0, 5, 1, 0, 0, 0, 0, 0, 0, 0, 0, 0, 0, 0, 0, '440784198711240646'),
('邓佩怡', '营业中心/西片区', '2011-02-28', '2015-09-29', 3, 7, 5, 0, 5, 0, 0, 5, 1, 0, 0, 0, 0, 0, 0, 0, 0, 0, 0, 0, 0, '44200019890827570X'),
('邓俊华', '横栏公众营销服务公司', '2015-04-18', '2015-04-18', 3, 3, 5, 0, 5, 0, 0, 5, 1, 0, 0, 0, 0, 0, 0, 0, 0, 0, 0, 0, 0, '442000199311195752'),
('邓健欣', '营业中心/北片区', '2015-05-28', '2015-05-28', 3, 3, 5, 0, 5, 0, 0, 5, 1, 0, 0, 0, 0, 0, 0, 0, 0, 0, 0, 0, 0, '44128319900510426X'),
('邓华坤', '运行维护部', '2016-07-04', '2016-07-04', 2, 2, 5, 0, 5, 0, 0, 5, 1, 0, 0, 0, 0, 0, 0, 0, 0, 0, 0, 0, 0, '442000199306257357'),
('邓建文', '南部家庭互联网营服公司', '2010-04-01', '2014-10-09', 4, 8, 5, 0, 5, 0, 0, 5, 1, 0, 0, 0, 0, 0, 0, 0, 0, 0, 0, 0, 0, '442000198605310918'),
('邓惠仪', '营业中心/北片区', '2011-03-01', '2011-03-01', 7, 7, 5, 0, 5, 0, 0, 5, 1, 0, 0, 0, 0, 0, 0, 0, 0, 0, 0, 0, 0, '441283198809061045'),
('邓敏(大)', '古镇分公司', '1998-07-01', '2005-03-08', 13, 20, 10, 0, 10, 0, 0, 10, 1, 0, 0, 0, 0, 0, 0, 0, 0, 0, 0, 0, 0, '440711198010143925'),
('邓敏(小)', '城区公众营销服务公司', '2006-04-01', '2009-12-21', 8, 12, 5, 0, 5, 0, 0, 5, 1, 0, 0, 0, 0, 0, 0, 0, 0, 0, 0, 0, 0, '43022319841009724X'),
('邓景赛', '综合部', '2012-07-19', '2012-07-19', 6, 6, 5, 0, 5, 0, 0, 5, 1, 0, 0, 0, 0, 0, 0, 0, 0, 0, 0, 0, 0, '441881198810297418'),
('邓梅芳', '营业中心/东片区', '2010-01-01', '2014-07-21', 4, 8, 5, 0, 5, 0, 0, 5, 1, 0, 0, 0, 0, 0, 0, 0, 0, 0, 0, 0, 0, '441283198705101065'),
('邓煌华', '小榄分公司', '2008-10-01', '2009-10-15', 9, 10, 5, 0, 5, 0, 0, 5, 1, 0, 0, 0, 0, 0, 0, 0, 0, 0, 0, 0, 0, '442000198611204652'),
('邓维钦', '信息化服务中心', '1990-07-26', '2001-08-09', 17, 28, 10, 0, 10, 0, 0, 10, 1, 0, 0, 0, 0, 0, 0, 0, 0, 0, 0, 0, 0, '442000197006120712'),
('邓钊林', '北部家庭互联网营服公司', '2003-07-05', '2004-04-21', 14, 15, 10, 0, 10, 0, 0, 10, 1, 0, 0, 0, 0, 0, 0, 0, 0, 0, 0, 0, 0, '442000198110125454'),
('邱汶娴', '营业中心/南片区', '2012-03-01', '2014-03-17', 4, 6, 5, 0, 5, 0, 0, 5, 1, 0, 0, 0, 0, 0, 0, 0, 0, 0, 0, 0, 0, '44098119900618194X'),
('邱泽楷', '销售部', '2011-10-01', '2012-03-24', 6, 7, 5, 0, 5, 0, 0, 5, 1, 0, 0, 0, 0, 0, 0, 0, 0, 0, 0, 0, 0, '445102198705231417'),
('郑东', '城区分公司', '2016-07-25', '2016-07-25', 2, 2, 5, 0, 5, 0, 0, 5, 1, 0, 0, 0, 0, 0, 0, 0, 0, 0, 0, 0, 0, '440782199210110335'),
('郑丽丽', '营业中心/中片区', '2006-02-01', '2014-11-20', 3, 12, 5, 0, 5, 0, 0, 5, 1, 0, 0, 0, 0, 0, 0, 0, 0, 0, 0, 0, 0, '441622198304163061'),
('郑丽莹', '企业信息化营销服务中心', '2008-11-14', '2016-03-10', 2, 10, 5, 0, 5, 0, 0, 5, 1, 0, 0, 0, 0, 0, 0, 0, 0, 0, 0, 0, 0, '442000198808270047'),
('郑举亮', '沙溪公众营销服务公司', '2012-06-01', '2014-06-13', 4, 6, 5, 0, 5, 0, 0, 5, 1, 0, 0, 0, 0, 0, 0, 0, 0, 0, 0, 0, 0, '442000199012276616'),
('郑亚贤', '工会', '1984-08-01', '2005-03-01', 13, 34, 10, 0, 10, 0, 0, 10, 1, 0, 0, 0, 0, 0, 0, 0, 0, 0, 0, 0, 0, '320105196201260239'),
('郑冠能', '网络建设部', '2012-07-01', '2012-07-01', 6, 6, 5, 0, 5, 0, 0, 5, 1, 0, 0, 0, 0, 0, 0, 0, 0, 0, 0, 0, 0, '44200019891211233X'),
('郑家茵', '客户服务部', '2003-07-01', '2008-01-08', 10, 15, 10, 0, 10, 0, 0, 10, 1, 0, 0, 0, 0, 0, 0, 0, 0, 0, 0, 0, 0, '442000198112048384'),
('郑敏炫', '客户服务部', '2010-08-01', '2011-08-16', 7, 8, 5, 0, 5, 0, 0, 5, 1, 0, 0, 0, 0, 0, 0, 0, 0, 0, 0, 0, 0, '442000198811180421'),
('郑晓芬', '中部家庭互联网营服公司', '2004-08-01', '2006-09-13', 12, 14, 10, 0, 10, 0, 0, 10, 1, 0, 0, 0, 0, 0, 0, 0, 0, 0, 0, 0, 0, '445122198211040026'),
('郑智斌', '综合部', '2014-02-26', '2014-02-27', 4, 4, 5, 0, 5, 0, 0, 5, 1, 0, 0, 0, 0, 0, 0, 0, 0, 0, 0, 0, 0, '44200019910824001X'),
('郑永毅', '营业中心/城区', '2007-03-01', '2009-05-04', 9, 11, 5, 0, 5, 0, 0, 5, 1, 0, 0, 0, 0, 0, 0, 0, 0, 0, 0, 0, 0, '442000198501037654'),
('郑淑敏', '三乡公众营销服务公司', '2005-09-01', '2009-09-14', 9, 13, 5, 0, 5, 0, 0, 5, 1, 0, 0, 0, 0, 0, 0, 0, 0, 0, 0, 0, 0, '442000198704101302'),
('郑燕芬', '客户服务部', '1992-09-01', '2001-07-01', 17, 26, 10, 0, 10, 0, 0, 10, 1, 0, 0, 0, 0, 0, 0, 0, 0, 0, 0, 0, 0, '442000197306077664'),
('郑燕雯', '运行维护部', '1991-07-01', '1997-08-01', 21, 27, 15, 0, 15, 0, 0, 15, 1, 0, 0, 0, 0, 0, 0, 0, 0, 0, 0, 0, 0, '442000197311020726'),
('郑碧莹', '客户服务部', '2010-02-08', '2010-02-08', 8, 8, 5, 0, 5, 0, 0, 5, 1, 0, 0, 0, 0, 0, 0, 0, 0, 0, 0, 0, 0, '442000198703050021'),
('郑美婷', '营业中心/南片区', '2016-11-16', '2016-11-16', 1, 1, 5, 0, 5, 0, 0, 5, 1, 0, 0, 0, 0, 0, 0, 0, 0, 0, 0, 0, 0, '442000199202140920'),
('郑韵绮', '营业中心/西片区', '1995-06-01', '2001-07-01', 17, 23, 10, 0, 10, 0, 0, 10, 1, 0, 0, 0, 0, 0, 0, 0, 0, 0, 0, 0, 0, '442000197607112347'),
('郑鸿鹏', '企业信息化营销服务中心', '1996-08-01', '2004-12-01', 13, 22, 10, 0, 10, 0, 0, 10, 1, 0, 0, 0, 0, 0, 0, 0, 0, 0, 0, 0, 0, '232127197301112615'),
('郭俊杰', '南区板芙公众营销服务公司', '2014-04-15', '2014-04-15', 4, 4, 5, 0, 5, 0, 0, 5, 1, 0, 0, 0, 0, 0, 0, 0, 0, 0, 0, 0, 0, '442000199202068391'),
('郭嘉榆', '客户服务部', '1999-09-01', '2002-04-22', 16, 19, 10, 0, 10, 0, 0, 10, 1, 0, 0, 0, 0, 0, 0, 0, 0, 0, 0, 0, 0, '442000198011041765'),
('郭嘉谊', '火炬开发区分公司', '1995-07-01', '2001-05-01', 17, 23, 10, 0, 10, 0, 0, 10, 1, 0, 0, 0, 0, 0, 0, 0, 0, 0, 0, 0, 0, '442000197410147669'),
('郭均宇', '运行维护部', '2007-07-01', '2007-10-10', 11, 11, 10, 0, 10, 0, 0, 10, 1, 0, 0, 0, 0, 0, 0, 0, 0, 0, 0, 0, 0, '442000198403063314'),
('郭堪宏', '营业中心/南片区', '2013-09-01', '2014-02-28', 4, 5, 5, 0, 5, 0, 0, 5, 1, 0, 0, 0, 0, 0, 0, 0, 0, 0, 0, 0, 0, '440882198907286198'),
('郭建华', '三乡分公司', '2012-06-08', '2012-06-08', 6, 6, 5, 0, 5, 0, 0, 5, 1, 0, 0, 0, 0, 0, 0, 0, 0, 0, 0, 0, 0, '442000199007110910'),
('郭文福', '东部家庭互联网营服公司', '2011-03-19', '2011-03-19', 7, 7, 5, 0, 5, 0, 0, 5, 1, 0, 0, 0, 0, 0, 0, 0, 0, 0, 0, 0, 0, '442000198910107158'),
('郭晓珊', '企业信息化营销服务中心', '2009-12-21', '2009-12-21', 8, 8, 5, 0, 5, 0, 0, 5, 1, 0, 0, 0, 0, 0, 0, 0, 0, 0, 0, 0, 0, '442000198710137387'),
('郭景明', '营业中心/东片区', '2016-03-16', '2016-03-16', 2, 2, 5, 0, 5, 0, 0, 5, 1, 0, 0, 0, 0, 0, 0, 0, 0, 0, 0, 0, 0, '442000199306212618'),
('郭泽民', '财务与投资部', '2005-08-01', '2006-11-01', 12, 13, 10, 0, 10, 0, 0, 10, 1, 0, 0, 0, 0, 0, 0, 0, 0, 0, 0, 0, 0, '441521198310078515'),
('郭润球', '财务与投资部/物资中心', '2004-02-01', '2009-05-04', 9, 14, 5, 0, 5, 0, 0, 5, 1, 0, 0, 0, 0, 0, 0, 0, 0, 0, 0, 0, 0, '442000198310027357'),
('郭绍炜', '城区分公司', '2008-04-01', '2011-04-01', 7, 10, 5, 0, 5, 0, 0, 5, 1, 0, 0, 0, 0, 0, 0, 0, 0, 0, 0, 0, 0, '442000198601058372'),
('郭锐钦', '综合部', '2007-11-02', '2007-11-02', 11, 11, 10, 0, 10, 0, 0, 10, 1, 0, 0, 0, 0, 0, 0, 0, 0, 0, 0, 0, 0, '442000197506157650'),
('郭静雯', '营业中心/南片区', '2010-04-01', '2014-02-26', 4, 8, 5, 0, 5, 0, 0, 5, 1, 0, 0, 0, 0, 0, 0, 0, 0, 0, 0, 0, 0, '442000199208270961'),
('金伟', '古镇分公司', '1996-07-01', '2015-01-22', 3, 22, 5, 0, 5, 0, 0, 5, 1, 0, 0, 0, 0, 0, 0, 0, 0, 0, 0, 0, 0, '370121197502267411'),
('钟建明', '信息化服务中心', '1992-07-01', '1998-01-01', 20, 26, 15, 0, 15, 0, 0, 15, 1, 0, 0, 0, 0, 0, 0, 0, 0, 0, 0, 0, 0, '440204197008154718'),
('钟思婷', '营业中心/北片区', '2015-03-17', '2015-03-17', 3, 3, 5, 0, 5, 0, 0, 5, 1, 0, 0, 0, 0, 0, 0, 0, 0, 0, 0, 0, 0, '441481199404222720'),
('钟朝才', '战略客户部', '2006-03-01', '2009-11-15', 9, 12, 5, 0, 5, 0, 0, 5, 1, 0, 0, 0, 0, 0, 0, 0, 0, 0, 0, 0, 0, '511011197209137633'),
('钟水妹', '营业中心/北片区', '2011-10-17', '2011-10-17', 7, 7, 5, 0, 5, 0, 0, 5, 1, 0, 0, 0, 0, 0, 0, 0, 0, 0, 0, 0, 0, '440981198902242224'),
('钟燕花', '客户服务部', '2003-07-01', '2005-06-28', 13, 15, 10, 0, 10, 0, 0, 10, 1, 0, 0, 0, 0, 0, 0, 0, 0, 0, 0, 0, 0, '441621198307196428'),
('钟经旻', '南部家庭互联网营服公司', '2015-09-29', '2015-09-29', 3, 3, 5, 0, 5, 0, 0, 5, 1, 0, 0, 0, 0, 0, 0, 0, 0, 0, 0, 0, 0, '440402199403289134'),
('钟继军', '运行维护部', '1980-03-01', '2003-10-01', 15, 38, 10, 0, 10, 0, 0, 10, 1, 0, 0, 0, 0, 0, 0, 0, 0, 0, 0, 0, 0, '460028196211080012'),
('钟莹珊', '小榄分公司', '2010-02-01', '2011-02-14', 7, 8, 5, 0, 5, 0, 0, 5, 1, 0, 0, 0, 0, 0, 0, 0, 0, 0, 0, 0, 0, '44200019881222422X'),
('钟金鑫', '营业中心/南片区', '2015-08-11', '2015-08-11', 3, 3, 5, 0, 5, 0, 0, 5, 1, 0, 0, 0, 0, 0, 0, 0, 0, 0, 0, 0, 0, '44042119930101821X'),
('钱月玲', '营业中心/中片区', '2013-11-01', '2015-08-05', 3, 5, 5, 0, 5, 0, 0, 5, 1, 0, 0, 0, 0, 0, 0, 0, 0, 0, 0, 0, 0, '445302199104212726'),
('阮志恒', '大涌公众营销服务公司', '2014-06-17', '2014-06-17', 4, 4, 5, 0, 5, 0, 0, 5, 1, 0, 0, 0, 0, 0, 0, 0, 0, 0, 0, 0, 0, '442000199203196635'),
('阮海宏', '西区港口公众营销服务公司', '2011-09-16', '2011-09-16', 7, 7, 5, 0, 5, 0, 0, 5, 1, 0, 0, 0, 0, 0, 0, 0, 0, 0, 0, 0, 0, '44200019880111085X'),
('阮绮珊', '营业中心/西片区', '2010-05-17', '2010-05-17', 8, 8, 5, 0, 5, 0, 0, 5, 1, 0, 0, 0, 0, 0, 0, 0, 0, 0, 0, 0, 0, '442000198802086601'),
('阮雪婷', '人力资源部/政企客户事业部', '2011-05-01', '2012-03-19', 6, 7, 5, 0, 5, 0, 0, 5, 1, 0, 0, 0, 0, 0, 0, 0, 0, 0, 0, 0, 0, '442000198812222347'),
('阮霭行', '北部家庭互联网营服公司', '2007-07-01', '2007-07-01', 11, 11, 10, 0, 10, 0, 0, 10, 1, 0, 0, 0, 0, 0, 0, 0, 0, 0, 0, 0, 0, '442000198405186617'),
('阮露苗', '家庭互联网中心', '2001-05-01', '2008-04-28', 10, 17, 10, 0, 10, 0, 0, 10, 1, 0, 0, 0, 0, 0, 0, 0, 0, 0, 0, 0, 0, '442000197912280320'),
('阳成彦', '运行维护部/宽带客户一站式支撑中心', '2010-07-01', '2010-07-01', 8, 8, 5, 0, 5, 0, 0, 5, 1, 0, 0, 0, 0, 0, 0, 0, 0, 0, 0, 0, 0, '431028198601022031'),
('陆迪海', '城区分公司', '1999-01-01', '2010-04-15', 8, 19, 5, 0, 5, 0, 0, 5, 1, 0, 0, 0, 0, 0, 0, 0, 0, 0, 0, 0, 0, '342123197708056934'),
('陈万良', '综合部', '1995-07-01', '2006-08-14', 12, 23, 10, 0, 10, 0, 0, 10, 1, 0, 0, 0, 0, 0, 0, 0, 0, 0, 0, 0, 0, '442000197402010339'),
('陈伊文', '火炬开发区分公司', '2003-09-01', '2010-10-20', 8, 15, 5, 0, 5, 0, 0, 5, 1, 0, 0, 0, 0, 0, 0, 0, 0, 0, 0, 0, 0, '44152119830204821X'),
('陈伊达', '西区港口公众营销服务公司', '2011-05-01', '2011-10-27', 7, 7, 5, 0, 5, 0, 0, 5, 1, 0, 0, 0, 0, 0, 0, 0, 0, 0, 0, 0, 0, '441521198808308250'),
('陈俊光', '大涌公众营销服务公司', '1987-07-01', '2004-01-01', 14, 31, 10, 0, 10, 0, 0, 10, 1, 0, 0, 0, 0, 0, 0, 0, 0, 0, 0, 0, 0, '44250119660316451X'),
('陈俊杰', '三乡分公司', '2011-07-01', '2011-03-21', 7, 7, 5, 0, 5, 0, 0, 5, 1, 0, 0, 0, 0, 0, 0, 0, 0, 0, 0, 0, 0, '442000198910040918');
INSERT INTO `holiday` (`name`, `department`, `initdate`, `indate`, `Companyage`, `Totalage`, `Totalday`, `Lastyear`, `Thisyear`, `Bonus`, `Used`, `Rest`, `initflag`, `Jan`, `Feb`, `Mar`, `Apr`, `May`, `Jun`, `Jul`, `Aug`, `Sep`, `Oct`, `Nov`, `Dece`, `user_id`) VALUES
('陈健强', '信息化服务中心', '2017-07-03', '2017-07-01', 1, 1, 5, 0, 5, 0, 0, 5, 1, 0, 0, 0, 0, 0, 0, 0, 0, 0, 0, 0, 0, '442000199408232038'),
('陈兴', '火炬开发区分公司', '2002-07-01', '2002-07-01', 16, 16, 10, 0, 10, 0, 0, 10, 1, 0, 0, 0, 0, 0, 0, 0, 0, 0, 0, 0, 0, '440902197910281215'),
('陈冰仪', '营业中心/城区', '2005-03-15', '2005-03-15', 13, 13, 10, 0, 10, 0, 0, 10, 1, 0, 0, 0, 0, 0, 0, 0, 0, 0, 0, 0, 0, '442000198611308849'),
('陈凤娟', '营业中心/城区', '2009-07-01', '2014-11-28', 3, 9, 5, 0, 5, 0, 0, 5, 1, 0, 0, 0, 0, 0, 0, 0, 0, 0, 0, 0, 0, '442000198709112406'),
('陈凯芝', '城区分公司', '2008-03-01', '2010-05-19', 8, 10, 5, 0, 5, 0, 0, 5, 1, 0, 0, 0, 0, 0, 0, 0, 0, 0, 0, 0, 0, '442000198702160026'),
('陈剑云', '坦洲神湾公众营销服务公司', '2002-05-01', '2002-05-01', 16, 16, 10, 0, 10, 0, 0, 10, 1, 0, 0, 0, 0, 0, 0, 0, 0, 0, 0, 0, 0, '445221198207071945'),
('陈剑敏', '营业中心', '1999-07-01', '2008-02-01', 10, 19, 10, 0, 10, 0, 0, 10, 1, 0, 0, 0, 0, 0, 0, 0, 0, 0, 0, 0, 0, '442000197908210549'),
('陈剑斌', '市场部/业务支撑中心', '2014-07-02', '2014-07-02', 4, 4, 5, 0, 5, 0, 0, 5, 1, 0, 0, 0, 0, 0, 0, 0, 0, 0, 0, 0, 0, '442000199107074072'),
('陈力', '企业信息化营销服务中心', '2008-02-01', '2010-09-30', 8, 10, 5, 0, 5, 0, 0, 5, 1, 0, 0, 0, 0, 0, 0, 0, 0, 0, 0, 0, 0, '421022198707095212'),
('陈古勇', '信息化服务中心', '1999-08-01', '2007-05-01', 11, 19, 10, 0, 10, 0, 0, 10, 1, 0, 0, 0, 0, 0, 0, 0, 0, 0, 0, 0, 0, '513021197611297672'),
('陈向丽', '运行维护部', '2005-08-01', '2007-03-01', 11, 13, 10, 0, 10, 0, 0, 10, 1, 0, 0, 0, 0, 0, 0, 0, 0, 0, 0, 0, 0, '150421198012012424'),
('陈启健', '网络建设部', '1996-08-01', '1998-01-01', 20, 22, 15, 0, 15, 0, 0, 15, 1, 0, 0, 0, 0, 0, 0, 0, 0, 0, 0, 0, 0, '510231197407033312'),
('陈嘉伟', '营业中心/中片区', '2016-07-05', '2017-06-19', 1, 2, 5, 0, 5, 0, 0, 5, 1, 0, 0, 0, 0, 0, 0, 0, 0, 0, 0, 0, 0, '442000199402203797'),
('陈圣守', '营业中心/中片区', '2003-05-21', '2003-05-21', 15, 15, 10, 0, 10, 0, 0, 10, 1, 0, 0, 0, 0, 0, 0, 0, 0, 0, 0, 0, 0, '441721198005114031'),
('陈坤明', '火炬开发区分公司', '2013-01-10', '2013-01-10', 5, 5, 5, 0, 5, 0, 0, 5, 1, 0, 0, 0, 0, 0, 0, 0, 0, 0, 0, 0, 0, '440881198908203116'),
('陈婵', '政企客户事业部/一站式支撑中心', '2016-02-16', '2016-02-16', 2, 2, 5, 0, 5, 0, 0, 5, 1, 0, 0, 0, 0, 0, 0, 0, 0, 0, 0, 0, 0, '360732199309126448'),
('陈婷', '营业中心/南片区', '2016-02-20', '2016-05-31', 2, 2, 5, 0, 5, 0, 0, 5, 1, 0, 0, 0, 0, 0, 0, 0, 0, 0, 0, 0, 0, '440804199202260225'),
('陈学超', '战略客户部', '2008-04-01', '2011-04-15', 7, 10, 5, 0, 5, 0, 0, 5, 1, 0, 0, 0, 0, 0, 0, 0, 0, 0, 0, 0, 0, '440902198507050411'),
('陈定班', '财务与投资部/物资中心', '2004-04-01', '2007-03-01', 11, 14, 10, 0, 10, 0, 0, 10, 1, 0, 0, 0, 0, 0, 0, 0, 0, 0, 0, 0, 0, '441881197808066675'),
('陈宪强', '营业中心/中片区', '2016-01-18', '2016-01-18', 2, 2, 5, 0, 5, 0, 0, 5, 1, 0, 0, 0, 0, 0, 0, 0, 0, 0, 0, 0, 0, '441481199409256479'),
('陈家敏', '客户服务部', '2014-07-02', '2014-10-20', 4, 4, 5, 0, 5, 0, 0, 5, 1, 0, 0, 0, 0, 0, 0, 0, 0, 0, 0, 0, 0, '442000199104210921'),
('陈家福', '南部家庭互联网营服公司', '2012-05-07', '2012-05-07', 6, 6, 5, 0, 5, 0, 0, 5, 1, 0, 0, 0, 0, 0, 0, 0, 0, 0, 0, 0, 0, '441781199008192239'),
('陈家辉', '营业中心/北片区', '2015-09-23', '2016-07-04', 2, 3, 5, 0, 5, 0, 0, 5, 1, 0, 0, 0, 0, 0, 0, 0, 0, 0, 0, 0, 0, '442000199207071012'),
('陈展宏', '政企客户事业部/商企营销中心', '2000-05-01', '2002-11-01', 16, 18, 10, 0, 10, 0, 0, 10, 1, 0, 0, 0, 0, 0, 0, 0, 0, 0, 0, 0, 0, '442000197803230850'),
('陈彦立', '营业中心/城区', '2009-04-01', '2010-09-27', 8, 9, 5, 0, 5, 0, 0, 5, 1, 0, 0, 0, 0, 0, 0, 0, 0, 0, 0, 0, 0, '441521198912268252'),
('陈彩英', '营业中心/东片区', '2013-02-20', '2014-07-18', 4, 5, 5, 0, 5, 0, 0, 5, 1, 0, 0, 0, 0, 0, 0, 0, 0, 0, 0, 0, 0, '440923198912306865'),
('陈忆楼', '财务与投资部', '2012-12-17', '2016-03-02', 2, 5, 5, 0, 5, 0, 0, 5, 1, 0, 0, 0, 0, 0, 0, 0, 0, 0, 0, 0, 0, '362301199009120525'),
('陈志伟', '运行维护部/宽带客户一站式支撑中心', '2014-07-01', '2015-12-30', 2, 4, 5, 0, 5, 0, 0, 5, 1, 0, 0, 0, 0, 0, 0, 0, 0, 0, 0, 0, 0, '440785199204280011'),
('陈思艳', '财务与投资部', '2007-03-01', '2009-03-01', 9, 11, 5, 0, 5, 0, 0, 5, 1, 0, 0, 0, 0, 0, 0, 0, 0, 0, 0, 0, 0, '44023319840126002x'),
('陈悦娟', '客户服务部', '1998-08-27', '2003-10-13', 15, 20, 10, 0, 10, 0, 0, 10, 1, 0, 0, 0, 0, 0, 0, 0, 0, 0, 0, 0, 0, '442000198009011583'),
('陈悦嫦', '城区分公司', '2001-09-01', '2004-11-01', 14, 17, 10, 0, 10, 0, 0, 10, 1, 0, 0, 0, 0, 0, 0, 0, 0, 0, 0, 0, 0, '442000198204011589'),
('陈振光', '运行维护部/宽带客户一站式支撑中心', '1991-06-01', '2003-04-28', 15, 27, 10, 0, 10, 0, 0, 10, 1, 0, 0, 0, 0, 0, 0, 0, 0, 0, 0, 0, 0, '440723197002112812'),
('陈文晖', '企业信息化营销服务中心', '2000-07-01', '2001-10-16', 17, 18, 10, 0, 10, 0, 0, 10, 1, 0, 0, 0, 0, 0, 0, 0, 0, 0, 0, 0, 0, '442000197806298383'),
('陈旭煌', '中部家庭互联网营服公司', '2005-02-01', '2009-06-15', 9, 13, 5, 0, 5, 0, 0, 5, 1, 0, 0, 0, 0, 0, 0, 0, 0, 0, 0, 0, 0, '44512219820129003X'),
('陈春妃', '火炬开发区分公司', '2010-07-01', '2010-07-14', 8, 8, 5, 0, 5, 0, 0, 5, 1, 0, 0, 0, 0, 0, 0, 0, 0, 0, 0, 0, 0, '440982198607036109'),
('陈晓娜', '客户服务部', '2009-03-01', '2012-03-19', 6, 9, 5, 0, 5, 0, 0, 5, 1, 0, 0, 0, 0, 0, 0, 0, 0, 0, 0, 0, 0, '445122198707235249'),
('陈晓娜B', '营业中心/城区', '2013-09-01', '2014-09-04', 4, 5, 5, 0, 5, 0, 0, 5, 1, 0, 0, 0, 0, 0, 0, 0, 0, 0, 0, 0, 0, '445281198911041949'),
('陈晓纯', '营业中心', '2017-07-03', '2017-07-01', 1, 1, 5, 0, 5, 0, 0, 5, 1, 0, 0, 0, 0, 0, 0, 0, 0, 0, 0, 0, 0, '445221199206281961'),
('陈晓辉', '小榄公众营销服务公司', '2012-12-17', '2012-12-17', 5, 5, 5, 0, 5, 0, 0, 5, 1, 0, 0, 0, 0, 0, 0, 0, 0, 0, 0, 0, 0, '440582199004177212'),
('陈桂延', '三乡公众营销服务公司', '1996-06-01', '1998-01-01', 20, 22, 15, 0, 15, 0, 0, 15, 1, 0, 0, 0, 0, 0, 0, 0, 0, 0, 0, 0, 0, '440522197503124312'),
('陈正新', '网络建设部', '1987-08-12', '2003-01-02', 15, 31, 10, 0, 10, 0, 0, 10, 1, 0, 0, 0, 0, 0, 0, 0, 0, 0, 0, 0, 0, '440221196308061654'),
('陈水僯', '古镇公众营销服务公司', '2003-05-01', '2004-04-21', 14, 15, 10, 0, 10, 0, 0, 10, 1, 0, 0, 0, 0, 0, 0, 0, 0, 0, 0, 0, 0, '441522197808090652'),
('陈浩', '营业中心/城区', '2017-07-24', '2017-07-24', 1, 1, 5, 0, 5, 0, 0, 5, 1, 0, 0, 0, 0, 0, 0, 0, 0, 0, 0, 0, 0, '441423199210042373'),
('陈淑华', '营业中心/城区', '2016-03-18', '2016-03-18', 2, 2, 5, 0, 5, 0, 0, 5, 1, 0, 0, 0, 0, 0, 0, 0, 0, 0, 0, 0, 0, '441324199406183320'),
('陈瀚妍', '战略客户部', '2007-07-01', '2007-07-01', 11, 11, 10, 0, 10, 0, 0, 10, 1, 0, 0, 0, 0, 0, 0, 0, 0, 0, 0, 0, 0, '44058219860217544x'),
('陈炜壕', '小榄分公司', '2005-04-27', '2005-07-21', 13, 13, 10, 0, 10, 0, 0, 10, 1, 0, 0, 0, 0, 0, 0, 0, 0, 0, 0, 0, 0, '442000198412288152'),
('陈燕娥', '西区港口公众营销服务公司', '2012-06-29', '2012-06-29', 6, 6, 5, 0, 5, 0, 0, 5, 1, 0, 0, 0, 0, 0, 0, 0, 0, 0, 0, 0, 0, '520181198812113329'),
('陈玉泉', '营业中心/城区片区', '2015-04-01', '2018-04-19', 0, 3, 0, 0, 0, 0, 0, 0, 1, 0, 0, 0, 0, 0, 0, 0, 0, 0, 0, 0, 0, '622727199202283544'),
('陈瑞娴', '客户服务部', '1996-05-20', '2001-07-01', 17, 22, 10, 0, 10, 0, 0, 10, 1, 0, 0, 0, 0, 0, 0, 0, 0, 0, 0, 0, 0, '44200019780429838x'),
('陈碧娟', '运行维护部', '2017-07-03', '2017-07-01', 1, 1, 5, 0, 5, 0, 0, 5, 1, 0, 0, 0, 0, 0, 0, 0, 0, 0, 0, 0, 0, '441424199004181387'),
('陈祖发', '运行维护部', '2002-07-01', '2002-07-01', 16, 16, 10, 0, 10, 0, 0, 10, 1, 0, 0, 0, 0, 0, 0, 0, 0, 0, 0, 0, 0, '422406197901066237'),
('陈秋彦', '客户服务部', '2014-08-13', '2014-08-13', 4, 4, 5, 0, 5, 0, 0, 5, 1, 0, 0, 0, 0, 0, 0, 0, 0, 0, 0, 0, 0, '442000199211118928'),
('陈粤河', '城区分公司', '2010-03-01', '2012-06-04', 6, 8, 5, 0, 5, 0, 0, 5, 1, 0, 0, 0, 0, 0, 0, 0, 0, 0, 0, 0, 0, '440823198807060135'),
('陈素珍', '营业中心/南片区', '2010-07-01', '2012-04-19', 6, 8, 5, 0, 5, 0, 0, 5, 1, 0, 0, 0, 0, 0, 0, 0, 0, 0, 0, 0, 0, '445121198808014529'),
('陈红霞', '运行维护部', '2004-09-01', '2008-06-19', 10, 14, 10, 0, 10, 0, 0, 10, 1, 0, 0, 0, 0, 0, 0, 0, 0, 0, 0, 0, 0, '441424198204284829'),
('陈绿纯', '营业中心/西片区', '2008-04-01', '2008-04-01', 10, 10, 10, 0, 10, 0, 0, 10, 1, 0, 0, 0, 0, 0, 0, 0, 0, 0, 0, 0, 0, '440583198605161648'),
('陈美群', '客户服务部', '2014-10-14', '2014-10-14', 4, 4, 5, 0, 5, 0, 0, 5, 1, 0, 0, 0, 0, 0, 0, 0, 0, 0, 0, 0, 0, '44200019920823838X'),
('陈美霞', '营业中心/西片区', '2001-10-01', '2001-10-08', 17, 17, 10, 0, 10, 0, 0, 10, 1, 0, 0, 0, 0, 0, 0, 0, 0, 0, 0, 0, 0, '441824197805141521'),
('陈翠芬', '小榄分公司', '2001-12-01', '2001-12-17', 16, 16, 10, 0, 10, 0, 0, 10, 1, 0, 0, 0, 0, 0, 0, 0, 0, 0, 0, 0, 0, '44200019820913422X'),
('陈荣金', '城区分公司', '2003-07-01', '2009-10-01', 9, 15, 5, 0, 5, 0, 0, 5, 1, 0, 0, 0, 0, 0, 0, 0, 0, 0, 0, 0, 0, '441622198306207179'),
('陈菲菲', '东部家庭互联网营服公司', '2005-03-01', '2005-04-18', 13, 13, 10, 0, 10, 0, 0, 10, 1, 0, 0, 0, 0, 0, 0, 0, 0, 0, 0, 0, 0, '441521198603040027'),
('陈蔼婷', '营业中心/西片区', '2012-07-01', '2012-07-06', 6, 6, 5, 0, 5, 0, 0, 5, 1, 0, 0, 0, 0, 0, 0, 0, 0, 0, 0, 0, 0, '445281198903090046'),
('陈超', '企业信息化营销服务中心', '2016-07-04', '2016-07-04', 2, 2, 5, 0, 5, 0, 0, 5, 1, 0, 0, 0, 0, 0, 0, 0, 0, 0, 0, 0, 0, '430624198808287551'),
('陈适', '网络建设部', '2013-07-01', '2013-07-01', 5, 5, 5, 0, 5, 0, 0, 5, 1, 0, 0, 0, 0, 0, 0, 0, 0, 0, 0, 0, 0, '430482198905080379'),
('陈锐智', '城区公众营销服务公司', '2013-05-06', '2013-05-06', 5, 5, 5, 0, 5, 0, 0, 5, 1, 0, 0, 0, 0, 0, 0, 0, 0, 0, 0, 0, 0, '440823199010196512'),
('陈镇基', '东部家庭互联网营服公司', '2011-01-01', '2011-09-29', 7, 7, 5, 0, 5, 0, 0, 5, 1, 0, 0, 0, 0, 0, 0, 0, 0, 0, 0, 0, 0, '445224198909053951'),
('陈雪充', '综合部', '1999-07-01', '2010-11-22', 7, 19, 5, 0, 5, 0, 0, 5, 1, 0, 0, 0, 0, 0, 0, 0, 0, 0, 0, 0, 0, '442000197910268395'),
('陈鹏国', '战略客户部', '2009-09-01', '2011-03-09', 7, 9, 5, 0, 5, 0, 0, 5, 1, 0, 0, 0, 0, 0, 0, 0, 0, 0, 0, 0, 0, '440923198608260559'),
('雷松', '三乡公众营销服务公司', '2004-08-21', '2004-08-20', 14, 14, 10, 0, 10, 0, 0, 10, 1, 0, 0, 0, 0, 0, 0, 0, 0, 0, 0, 0, 0, '421023198008127533'),
('雷自均', '三乡公众营销服务公司', '2009-07-01', '2011-02-25', 7, 9, 5, 0, 5, 0, 0, 5, 1, 0, 0, 0, 0, 0, 0, 0, 0, 0, 0, 0, 0, '441723198801271313'),
('霍均昌', '东凤阜沙公众营销服务公司', '2009-06-01', '2010-07-26', 8, 9, 5, 0, 5, 0, 0, 5, 1, 0, 0, 0, 0, 0, 0, 0, 0, 0, 0, 0, 0, '442000198710154259'),
('霍星强', '三角民众公众营销服务公司', '2016-07-14', '2016-07-14', 2, 2, 5, 0, 5, 0, 0, 5, 1, 0, 0, 0, 0, 0, 0, 0, 0, 0, 0, 0, 0, '442000199410032991'),
('霍智森', '营业中心/东片区', '2016-01-25', '2016-01-25', 2, 2, 5, 0, 5, 0, 0, 5, 1, 0, 0, 0, 0, 0, 0, 0, 0, 0, 0, 0, 0, '442000199303244032'),
('靳亚娟', '家庭互联网中心', '2013-07-01', '2013-07-01', 5, 5, 5, 0, 5, 0, 0, 5, 1, 0, 0, 0, 0, 0, 0, 0, 0, 0, 0, 0, 0, '412724198802063008'),
('韩静雯', '存量经营与大数据挖掘中心', '2011-07-01', '2013-07-08', 5, 7, 5, 0, 5, 0, 0, 5, 1, 0, 0, 0, 0, 0, 0, 0, 0, 0, 0, 0, 0, '440203198812051822'),
('颜平', '战略客户部', '1999-07-01', '2006-12-26', 11, 19, 10, 0, 10, 0, 0, 10, 1, 0, 0, 0, 0, 0, 0, 0, 0, 0, 0, 0, 0, '430402197601291517'),
('颜美良', '营业中心/东片区', '2014-07-01', '2016-08-05', 2, 4, 5, 0, 5, 0, 0, 5, 1, 0, 0, 0, 0, 0, 0, 0, 0, 0, 0, 0, 0, '442000199201182942'),
('马康武', '运行维护部', '2017-07-03', '2017-07-01', 1, 1, 5, 0, 5, 0, 0, 5, 1, 0, 0, 0, 0, 0, 0, 0, 0, 0, 0, 0, 0, '440882199309019318'),
('马志刚', '运行维护部', '2003-07-01', '2007-02-07', 11, 15, 10, 0, 10, 0, 0, 10, 1, 0, 0, 0, 0, 0, 0, 0, 0, 0, 0, 0, 0, '232321197801200411'),
('马毅梅', '纪委', '1993-07-01', '1998-01-01', 20, 25, 15, 0, 15, 0, 0, 15, 1, 0, 0, 0, 0, 0, 0, 0, 0, 0, 0, 0, 0, '630102197202140421'),
('马锦莲', '火炬开发区分公司', '1997-08-01', '2003-10-08', 15, 21, 10, 0, 10, 0, 0, 10, 1, 0, 0, 0, 0, 0, 0, 0, 0, 0, 0, 0, 0, '44200019790916234x'),
('高佩珊', '营业中心/东片区', '2014-05-09', '2014-05-09', 4, 4, 5, 0, 5, 0, 0, 5, 1, 0, 0, 0, 0, 0, 0, 0, 0, 0, 0, 0, 0, '442000199207122801'),
('高俊坚', '运行维护部', '2010-11-01', '2010-12-09', 7, 8, 5, 0, 5, 0, 0, 5, 1, 0, 0, 0, 0, 0, 0, 0, 0, 0, 0, 0, 0, '442000198703070014'),
('高健怡', '战略客户部', '2014-07-02', '2014-07-02', 4, 4, 5, 0, 5, 0, 0, 5, 1, 0, 0, 0, 0, 0, 0, 0, 0, 0, 0, 0, 0, '442000199109027341'),
('高健祥', '小榄分公司', '2015-03-30', '2015-03-30', 3, 3, 5, 0, 5, 0, 0, 5, 1, 0, 0, 0, 0, 0, 0, 0, 0, 0, 0, 0, 0, '442000199211274250'),
('高嘉俊', '营业中心/西片区', '2015-08-12', '2015-08-12', 3, 3, 5, 0, 5, 0, 0, 5, 1, 0, 0, 0, 0, 0, 0, 0, 0, 0, 0, 0, 0, '440182199501252410'),
('高彦康', '三乡分公司', '2016-02-18', '2016-02-18', 2, 2, 5, 0, 5, 0, 0, 5, 1, 0, 0, 0, 0, 0, 0, 0, 0, 0, 0, 0, 0, '23040319940618081X'),
('高慧芬', '营业中心/南片区', '2008-06-01', '2008-06-01', 10, 10, 10, 0, 10, 0, 0, 10, 1, 0, 0, 0, 0, 0, 0, 0, 0, 0, 0, 0, 0, '442000199002090949'),
('高松浩', '城区公众营销服务公司', '2009-06-08', '2009-06-08', 9, 9, 5, 0, 5, 0, 0, 5, 1, 0, 0, 0, 0, 0, 0, 0, 0, 0, 0, 0, 0, '442000198709220052'),
('魏婷燕', '政企客户事业部', '2009-03-01', '2010-09-13', 8, 9, 5, 0, 5, 0, 0, 5, 1, 0, 0, 0, 0, 0, 0, 0, 0, 0, 0, 0, 0, '441424198703121602'),
('魏建鸿', '网络建设部', '2001-07-01', '2001-07-01', 17, 17, 10, 0, 10, 0, 0, 10, 1, 0, 0, 0, 0, 0, 0, 0, 0, 0, 0, 0, 0, '442000197904160011'),
('魏海鸥', '存量经营与大数据挖掘中心', '1997-07-01', '1998-03-01', 20, 21, 15, 0, 15, 0, 0, 15, 1, 0, 0, 0, 0, 0, 0, 0, 0, 0, 0, 0, 0, '441425197507260201'),
('魏素贞', '营业中心/中片区', '1998-07-01', '2003-10-13', 15, 20, 10, 0, 10, 0, 0, 10, 1, 0, 0, 0, 0, 0, 0, 0, 0, 0, 0, 0, 0, '442000197910102045'),
('鲁成华', '客户服务部', '2007-07-10', '2007-07-10', 11, 11, 10, 0, 10, 0, 0, 10, 1, 0, 0, 0, 0, 0, 0, 0, 0, 0, 0, 0, 0, '210402198305103861'),
('麦俊杰', '营业中心/西片区', '2015-10-02', '2016-11-15', 1, 3, 5, 0, 5, 0, 0, 5, 1, 0, 0, 0, 0, 0, 0, 0, 0, 0, 0, 0, 0, '44200019940918615X'),
('麦文钊', '营业中心/南片区', '2011-11-28', '2011-11-28', 6, 6, 5, 0, 5, 0, 0, 5, 1, 0, 0, 0, 0, 0, 0, 0, 0, 0, 0, 0, 0, '442000198710214637'),
('麦昭妍', '政企客户事业部/商企营销中心', '1998-08-01', '2001-10-01', 17, 20, 10, 0, 10, 0, 0, 10, 1, 0, 0, 0, 0, 0, 0, 0, 0, 0, 0, 0, 0, '442000197711157684'),
('麦智伟', '营业中心/北片区', '2014-10-10', '2016-05-05', 2, 4, 5, 0, 5, 0, 0, 5, 1, 0, 0, 0, 0, 0, 0, 0, 0, 0, 0, 0, 0, '442000199011235310'),
('黄一君', '城区分公司', '2010-07-01', '2011-03-01', 7, 8, 5, 0, 5, 0, 0, 5, 1, 0, 0, 0, 0, 0, 0, 0, 0, 0, 0, 0, 0, '440881198905280423'),
('黄世吉', '战略客户部', '2013-06-01', '2013-11-12', 5, 5, 5, 0, 5, 0, 0, 5, 1, 0, 0, 0, 0, 0, 0, 0, 0, 0, 0, 0, 0, '452502198912155876'),
('黄丽', '运行维护部', '1998-07-01', '1998-07-01', 20, 20, 15, 0, 15, 0, 0, 15, 1, 0, 0, 0, 0, 0, 0, 0, 0, 0, 0, 0, 0, '442000197505311783'),
('黄丽珊', '三乡分公司', '2002-05-01', '2002-05-01', 16, 16, 10, 0, 10, 0, 0, 10, 1, 0, 0, 0, 0, 0, 0, 0, 0, 0, 0, 0, 0, '442000198308091288'),
('黄伟俊', '营业中心/中片区', '2013-12-01', '2014-09-01', 4, 4, 5, 0, 5, 0, 0, 5, 1, 0, 0, 0, 0, 0, 0, 0, 0, 0, 0, 0, 0, '44200019910226765X'),
('黄伟浩', '北部家庭互联网营服公司', '2015-07-03', '2016-04-19', 2, 3, 5, 0, 5, 0, 0, 5, 1, 0, 0, 0, 0, 0, 0, 0, 0, 0, 0, 0, 0, '442000199101146119'),
('黄伟达', '火炬开发区分公司', '1996-07-01', '1996-07-01', 22, 22, 15, 0, 15, 0, 0, 15, 1, 0, 0, 0, 0, 0, 0, 0, 0, 0, 0, 0, 0, '440902197312091219'),
('黄佩欣', '客户服务部', '2013-03-01', '2014-03-06', 4, 5, 5, 0, 5, 0, 0, 5, 1, 0, 0, 0, 0, 0, 0, 0, 0, 0, 0, 0, 0, '442000199205098385'),
('黄兰花', '财务与投资部', '2005-05-20', '2005-05-20', 13, 13, 10, 0, 10, 0, 0, 10, 1, 0, 0, 0, 0, 0, 0, 0, 0, 0, 0, 0, 0, '440825198205052365'),
('黄利群', '运行维护部', '2007-07-09', '2007-07-09', 11, 11, 10, 0, 10, 0, 0, 10, 1, 0, 0, 0, 0, 0, 0, 0, 0, 0, 0, 0, 0, '445224198603130635'),
('黄华洁', '客户服务部', '2007-09-01', '2009-05-18', 9, 11, 5, 0, 5, 0, 0, 5, 1, 0, 0, 0, 0, 0, 0, 0, 0, 0, 0, 0, 0, '441781198411174140'),
('黄嘉宝', '企业信息化营销服务中心', '2001-12-01', '2001-12-01', 16, 16, 10, 0, 10, 0, 0, 10, 1, 0, 0, 0, 0, 0, 0, 0, 0, 0, 0, 0, 0, '442000198311104086'),
('黄嘉欣', '财务与投资部', '2012-07-01', '2012-08-15', 6, 6, 5, 0, 5, 0, 0, 5, 1, 0, 0, 0, 0, 0, 0, 0, 0, 0, 0, 0, 0, '442000198904267665'),
('黄婉红', '营业中心/中片区', '2005-03-14', '2005-03-14', 13, 13, 10, 0, 10, 0, 0, 10, 1, 0, 0, 0, 0, 0, 0, 0, 0, 0, 0, 0, 0, '44200019870128086x'),
('黄宇华', '互联网发展中心', '1996-08-01', '1998-01-01', 20, 22, 15, 0, 15, 0, 0, 15, 1, 0, 0, 0, 0, 0, 0, 0, 0, 0, 0, 0, 0, '44010619741218406X'),
('黄家杰', '存量经营与大数据挖掘中心', '2014-04-03', '2014-04-03', 4, 4, 5, 0, 5, 0, 0, 5, 1, 0, 0, 0, 0, 0, 0, 0, 0, 0, 0, 0, 0, '442000199205120554'),
('黄少鹏', '运行维护部', '2002-07-01', '2002-07-01', 16, 16, 10, 0, 10, 0, 0, 10, 1, 0, 0, 0, 0, 0, 0, 0, 0, 0, 0, 0, 0, '440221198004050314'),
('黄巧荣', '客户服务部', '1996-07-01', '2001-08-01', 17, 22, 10, 0, 10, 0, 0, 10, 1, 0, 0, 0, 0, 0, 0, 0, 0, 0, 0, 0, 0, '442000197601271582'),
('黄彦彦', '财务与投资部/政企客户事业部', '2008-07-01', '2008-07-01', 10, 10, 10, 0, 10, 0, 0, 10, 1, 0, 0, 0, 0, 0, 0, 0, 0, 0, 0, 0, 0, '442000198509288407'),
('黄彩体', '三乡分公司', '2003-05-01', '2004-01-11', 14, 15, 10, 0, 10, 0, 0, 10, 1, 0, 0, 0, 0, 0, 0, 0, 0, 0, 0, 0, 0, '44200019741126092X'),
('黄彬家', '政企客户事业部', '2014-07-02', '2014-07-02', 4, 4, 5, 0, 5, 0, 0, 5, 1, 0, 0, 0, 0, 0, 0, 0, 0, 0, 0, 0, 0, '450422198909170256'),
('黄志刚', '存量经营与大数据挖掘中心', '1998-07-01', '2001-08-07', 17, 20, 10, 0, 10, 0, 0, 10, 1, 0, 0, 0, 0, 0, 0, 0, 0, 0, 0, 0, 0, '442000197412280316'),
('黄志良', '网络优化中心', '2013-07-01', '2013-07-01', 5, 5, 5, 0, 5, 0, 0, 5, 1, 0, 0, 0, 0, 0, 0, 0, 0, 0, 0, 0, 0, '442000198611022816'),
('黄惠连', '横栏公众营销服务公司', '2012-09-06', '2012-09-06', 6, 6, 5, 0, 5, 0, 0, 5, 1, 0, 0, 0, 0, 0, 0, 0, 0, 0, 0, 0, 0, '442000198906186105'),
('黄敏华', '营业中心/城区', '2008-04-01', '2008-04-01', 10, 10, 10, 0, 10, 0, 0, 10, 1, 0, 0, 0, 0, 0, 0, 0, 0, 0, 0, 0, 0, '442000198701060023'),
('黄敏慧', '存量经营与大数据挖掘中心', '2008-12-01', '2010-02-09', 8, 9, 5, 0, 5, 0, 0, 5, 1, 0, 0, 0, 0, 0, 0, 0, 0, 0, 0, 0, 0, '44098219871209102X'),
('黄文锶', '信息化服务中心', '2016-03-31', '2016-03-31', 2, 2, 5, 0, 5, 0, 0, 5, 1, 0, 0, 0, 0, 0, 0, 0, 0, 0, 0, 0, 0, '442000199312090047'),
('黄斯慧', '互联网发展中心', '2012-02-27', '2012-02-27', 6, 6, 5, 0, 5, 0, 0, 5, 1, 0, 0, 0, 0, 0, 0, 0, 0, 0, 0, 0, 0, '442000198910200862'),
('黄斯杭', '政企客户事业部', '2005-04-27', '2005-04-27', 13, 13, 10, 0, 10, 0, 0, 10, 1, 0, 0, 0, 0, 0, 0, 0, 0, 0, 0, 0, 0, '442000198401070860'),
('黄日明', '信息化服务中心', '1998-07-01', '1999-04-01', 19, 20, 10, 0, 10, 0, 0, 10, 1, 0, 0, 0, 0, 0, 0, 0, 0, 0, 0, 0, 0, '442000197406111276'),
('黄映玲', '存量经营与大数据挖掘中心', '2011-06-01', '2016-05-11', 2, 7, 5, 0, 5, 0, 0, 5, 1, 0, 0, 0, 0, 0, 0, 0, 0, 0, 0, 0, 0, '441522199103212743'),
('黄晓会', '城区分公司', '2007-03-01', '2012-08-22', 6, 11, 5, 0, 5, 0, 0, 5, 1, 0, 0, 0, 0, 0, 0, 0, 0, 0, 0, 0, 0, '411327198307284512'),
('黄晓嫣', '营业中心/南片区', '2012-11-20', '2014-03-01', 4, 5, 5, 0, 5, 0, 0, 5, 1, 0, 0, 0, 0, 0, 0, 0, 0, 0, 0, 0, 0, '44200019900426130X'),
('黄曼妍', '客户服务部', '1996-07-01', '2001-07-01', 17, 22, 10, 0, 10, 0, 0, 10, 1, 0, 0, 0, 0, 0, 0, 0, 0, 0, 0, 0, 0, '442000197708260867'),
('黄杏凤', '营业中心/北片区', '2012-04-28', '2012-04-28', 6, 6, 5, 0, 5, 0, 0, 5, 1, 0, 0, 0, 0, 0, 0, 0, 0, 0, 0, 0, 0, '442000199004037340'),
('黄楚标', '南部家庭互联网营服公司', '2014-03-01', '2014-03-01', 4, 4, 5, 0, 5, 0, 0, 5, 1, 0, 0, 0, 0, 0, 0, 0, 0, 0, 0, 0, 0, '445121199010015631'),
('黄永健', '南部家庭互联网营服公司', '2014-03-01', '2015-09-09', 3, 4, 5, 0, 5, 0, 0, 5, 1, 0, 0, 0, 0, 0, 0, 0, 0, 0, 0, 0, 0, '445381199103203911'),
('黄汝荣', '营业中心/北片区', '2013-03-01', '2016-01-18', 2, 5, 5, 0, 5, 0, 0, 5, 1, 0, 0, 0, 0, 0, 0, 0, 0, 0, 0, 0, 0, '442000199210127179'),
('黄泳贤', '综合部', '1988-06-01', '1998-01-01', 20, 30, 15, 0, 15, 0, 0, 15, 1, 0, 0, 0, 0, 0, 0, 0, 0, 0, 0, 0, 0, '440620196910310065'),
('黄海霞', '财务与投资部', '2014-03-11', '2014-03-11', 4, 4, 5, 0, 5, 0, 0, 5, 1, 0, 0, 0, 0, 0, 0, 0, 0, 0, 0, 0, 0, '445122198912023245'),
('黄淑敏', '营业中心/北片区', '2014-08-04', '2014-08-04', 4, 4, 5, 0, 5, 0, 0, 5, 1, 0, 0, 0, 0, 0, 0, 0, 0, 0, 0, 0, 0, '442000199202023804'),
('黄琴', '小榄公众营销服务公司', '1999-08-25', '2003-11-27', 14, 19, 10, 0, 10, 0, 0, 10, 1, 0, 0, 0, 0, 0, 0, 0, 0, 0, 0, 0, 0, '441881198109285048'),
('黄瑞权', '企业信息化营销服务中心', '2014-03-13', '2015-05-25', 3, 4, 5, 0, 5, 0, 0, 5, 1, 0, 0, 0, 0, 0, 0, 0, 0, 0, 0, 0, 0, '442000198912196617'),
('黄紫红', '营业中心/南片区', '2016-11-07', '2016-11-07', 2, 2, 5, 0, 5, 0, 0, 5, 1, 0, 0, 0, 0, 0, 0, 0, 0, 0, 0, 0, 0, '442000199211251606'),
('黄红梅', '营业中心/西片区', '2004-01-10', '2004-01-10', 14, 14, 10, 0, 10, 0, 0, 10, 1, 0, 0, 0, 0, 0, 0, 0, 0, 0, 0, 0, 0, '440921198208294247'),
('黄绮婷', '营业中心', '2002-11-01', '2002-11-01', 16, 16, 10, 0, 10, 0, 0, 10, 1, 0, 0, 0, 0, 0, 0, 0, 0, 0, 0, 0, 0, '442000198202188428'),
('黄维攀', '营业中心/中片区', '2014-11-17', '2014-11-17', 3, 3, 5, 0, 5, 0, 0, 5, 1, 0, 0, 0, 0, 0, 0, 0, 0, 0, 0, 0, 0, '441702199005241730'),
('黄美斯', '营业中心/城区', '2003-09-09', '2003-09-09', 15, 15, 10, 0, 10, 0, 0, 10, 1, 0, 0, 0, 0, 0, 0, 0, 0, 0, 0, 0, 0, '442000198601240860'),
('黄荣华', '小榄公众营销服务公司', '2010-11-01', '2010-11-01', 8, 8, 5, 0, 5, 0, 0, 5, 1, 0, 0, 0, 0, 0, 0, 0, 0, 0, 0, 0, 0, '44200019881031423X'),
('黄萍', '营业中心/中片区', '2010-07-01', '2014-03-24', 4, 8, 5, 0, 5, 0, 0, 5, 1, 0, 0, 0, 0, 0, 0, 0, 0, 0, 0, 0, 0, '441481199101255509'),
('黄远', '运行维护部', '2000-07-01', '2008-02-01', 10, 18, 10, 0, 10, 0, 0, 10, 1, 0, 0, 0, 0, 0, 0, 0, 0, 0, 0, 0, 0, '442000197903140852'),
('黄锐贤', '三角分公司', '1999-08-01', '2003-10-08', 15, 19, 10, 0, 10, 0, 0, 10, 1, 0, 0, 0, 0, 0, 0, 0, 0, 0, 0, 0, 0, '442000198002044059'),
('黄雅颖', '营业中心/城区片区', '2018-03-14', '2018-03-14', 0, 0, 0, 0, 0, 0, 0, 0, 1, 0, 0, 0, 0, 0, 0, 0, 0, 0, 0, 0, 0, '442000199610160648'),
('黄顺安', '营业中心/中片区', '2014-02-01', '2014-09-01', 4, 4, 5, 0, 5, 0, 0, 5, 1, 0, 0, 0, 0, 0, 0, 0, 0, 0, 0, 0, 0, '442000198912310854'),
('黎倚琴', '人力资源部', '2015-06-22', '2015-06-22', 3, 3, 5, 0, 5, 0, 0, 5, 1, 0, 0, 0, 0, 0, 0, 0, 0, 0, 0, 0, 0, '442000199003317105'),
('黎冠祥', '三角分公司', '2009-02-01', '2011-02-28', 7, 9, 5, 0, 5, 0, 0, 5, 1, 0, 0, 0, 0, 0, 0, 0, 0, 0, 0, 0, 0, '442000198711304239'),
('黎剑文', '企业信息化营销服务中心', '2014-02-11', '2014-02-11', 4, 4, 5, 0, 5, 0, 0, 5, 1, 0, 0, 0, 0, 0, 0, 0, 0, 0, 0, 0, 0, '440224198708062275'),
('黎炎南', '小榄分公司', '2004-12-01', '2004-12-10', 13, 13, 10, 0, 10, 0, 0, 10, 1, 0, 0, 0, 0, 0, 0, 0, 0, 0, 0, 0, 0, '442000198503244251'),
('黎绮敏', '营业中心/西片区', '2010-12-30', '2010-12-30', 7, 7, 5, 0, 5, 0, 0, 5, 1, 0, 0, 0, 0, 0, 0, 0, 0, 0, 0, 0, 0, '445321198811270321'),
('黎邢', '西区港口公众营销服务公司', '2006-06-01', '2007-04-23', 11, 12, 10, 0, 10, 0, 0, 10, 1, 0, 0, 0, 0, 0, 0, 0, 0, 0, 0, 0, 0, '442000198610064694'),
('黎金明', '营业中心/城区', '2014-09-16', '2014-09-16', 4, 4, 5, 0, 5, 0, 0, 5, 1, 0, 0, 0, 0, 0, 0, 0, 0, 0, 0, 0, 0, '441702199202021411'),
('龙容妹', '营业中心/北片区', '1997-06-10', '2001-07-01', 17, 21, 10, 0, 10, 0, 0, 10, 1, 0, 0, 0, 0, 0, 0, 0, 0, 0, 0, 0, 0, '442000197907028382');

-- --------------------------------------------------------

--
-- 表的结构 `notice`
--

CREATE TABLE `notice` (
  `pubtime` datetime NOT NULL COMMENT '公告发布时间',
  `username` varchar(255) NOT NULL COMMENT '发布公告人姓名',
  `title` varchar(255) NOT NULL COMMENT '公告标题',
  `content` varchar(2550) NOT NULL COMMENT '公告内容'
) ENGINE=InnoDB DEFAULT CHARSET=utf8;

--
-- 转存表中的数据 `notice`
--

INSERT INTO `notice` (`pubtime`, `username`, `title`, `content`) VALUES
('0000-00-00 00:00:00', '123456', '年假清零通告', '2018年年假由2018年31日清零，请各位注意！望周知'),
('2018-11-07 11:14:18', '123456', '年假清零通告', '2018年年假由2018年31日清零，请各位注意！望周知'),
('2018-11-08 14:18:49', '123456', '2018年年假由2018年31日清零，请各位注意！望周知', '2018年年假由2018年12月31日清零，请各位注意！望周知');

-- --------------------------------------------------------

--
-- 表的结构 `plan`
--

CREATE TABLE `plan` (
  `user_id` varchar(18) NOT NULL COMMENT '身份证号',
  `name` varchar(255) NOT NULL COMMENT '姓名',
  `Thisyear` int(11) NOT NULL DEFAULT '0' COMMENT '今年的年假数目',
  `Lastyear` int(11) NOT NULL DEFAULT '0' COMMENT '上一年的年假数目',
  `Bonus` int(11) NOT NULL DEFAULT '0' COMMENT '荣誉休假数目',
  `Totalday` int(11) NOT NULL DEFAULT '0' COMMENT '总的休假数目',
  `firstquater` int(11) NOT NULL DEFAULT '0' COMMENT '第一季度计划休假数',
  `secondquater` int(11) NOT NULL DEFAULT '0' COMMENT '第二季度计划休假数',
  `thirdquater` int(11) NOT NULL DEFAULT '0' COMMENT '第三季度计划休假数',
  `fourthquater` int(11) NOT NULL DEFAULT '0' COMMENT '第四季度计划休假数',
  `submit_tag` tinyint(1) NOT NULL COMMENT '标记该用户是否提交过计划，重新提交需要综管员重新给权限，true是已提交，false是未提交'
) ENGINE=InnoDB DEFAULT CHARSET=utf8;

--
-- 转存表中的数据 `plan`
--

INSERT INTO `plan` (`user_id`, `name`, `Thisyear`, `Lastyear`, `Bonus`, `Totalday`, `firstquater`, `secondquater`, `thirdquater`, `fourthquater`, `submit_tag`) VALUES
('110108196709174243', '刘颖', 15, 0, 0, 15, 0, 0, 0, 0, 0),
('130183198610272532', '杨萌', 5, 0, 0, 5, 0, 0, 0, 0, 0),
('140107198303273311', '杨中良', 5, 0, 0, 5, 0, 0, 0, 0, 0),
('150203198907063122', '徐华', 5, 0, 0, 5, 0, 0, 0, 0, 0),
('150421198012012424', '陈向丽', 10, 0, 0, 10, 0, 0, 0, 0, 0),
('152823197301204045', '李琳', 5, 0, 0, 5, 0, 0, 0, 0, 0),
('210402198305103861', '鲁成华', 10, 0, 0, 10, 0, 0, 0, 0, 0),
('220203198905110018', '蔡军', 5, 0, 0, 5, 0, 0, 0, 0, 0),
('220421198209032515', '王涛', 5, 0, 0, 5, 0, 0, 0, 0, 0),
('22058219910714114X', '李洋', 5, 0, 0, 5, 0, 0, 0, 0, 0),
('220882199210146017', '李嘉峰', 5, 0, 0, 5, 0, 0, 0, 0, 0),
('230123198802142078', '洪光', 5, 0, 0, 5, 0, 0, 0, 0, 0),
('230302198910155828', '张琳', 5, 0, 0, 5, 0, 0, 0, 0, 0),
('23040319940618081X', '高彦康', 5, 0, 0, 5, 0, 0, 0, 0, 0),
('230521199110072527', '刘红吉', 5, 0, 0, 5, 0, 0, 0, 0, 0),
('231005198608254829', '朴明玉', 5, 0, 0, 5, 0, 0, 0, 0, 0),
('232127197301112615', '郑鸿鹏', 10, 0, 0, 10, 0, 0, 0, 0, 0),
('232321197801200411', '马志刚', 10, 0, 0, 10, 0, 0, 0, 0, 0),
('23900519880722251X', '林龙', 5, 0, 0, 5, 0, 0, 0, 0, 0),
('320102196810022915', '程宗贤', 10, 0, 0, 10, 0, 0, 0, 0, 0),
('320105196201260239', '郑亚贤', 10, 0, 0, 10, 0, 0, 0, 0, 0),
('320121199108012920', '丁文美', 5, 0, 0, 5, 0, 0, 0, 0, 0),
('320223197712281114', '王欢', 10, 0, 0, 10, 0, 0, 0, 0, 0),
('32108419821223612X', '薛玮', 5, 0, 0, 5, 0, 0, 0, 0, 0),
('321323198806034537', '刘水清', 5, 0, 0, 5, 0, 0, 0, 0, 0),
('330106197805134025', '吕征', 10, 0, 0, 10, 0, 0, 0, 0, 0),
('341122199408220618', '欧国庆', 5, 0, 0, 5, 0, 0, 0, 0, 0),
('341225198811120027', '吴楠', 5, 0, 0, 5, 0, 0, 0, 0, 0),
('342123197708056934', '陆迪海', 5, 0, 0, 5, 0, 0, 0, 0, 0),
('342128197806300314', '段鸿章', 10, 0, 0, 10, 0, 0, 0, 0, 0),
('350824198505274172', '熊瑜平', 5, 0, 0, 5, 0, 0, 0, 0, 0),
('360102198408294820', '苏艳', 10, 0, 0, 10, 0, 0, 0, 0, 0),
('360302198903240011', '谢彬', 5, 0, 0, 5, 0, 0, 0, 0, 0),
('360313198712200016', '肖滔', 0, 0, 0, 0, 0, 0, 0, 0, 0),
('360321198501026011', '刘辕', 5, 0, 0, 5, 0, 0, 0, 0, 0),
('360728198311300063', '何易娟', 10, 0, 0, 10, 0, 0, 0, 0, 0),
('360729198910200028', '曾蕾', 5, 0, 0, 5, 0, 0, 0, 0, 0),
('36073019841102001x', '张林川', 10, 0, 0, 10, 0, 0, 0, 0, 0),
('360730198901202940', '李红红', 5, 0, 0, 5, 0, 0, 0, 0, 0),
('360732199309126448', '陈婵', 5, 0, 0, 5, 0, 0, 0, 0, 0),
('36220119640707043X', '温林生', 15, 0, 0, 15, 0, 0, 0, 0, 0),
('362201199406220620', '范丹妮', 5, 0, 0, 5, 0, 0, 0, 0, 0),
('362203199011013523', '熊兰', 5, 0, 0, 5, 0, 0, 0, 0, 0),
('362229197608012237', '李智勇', 10, 0, 0, 10, 0, 0, 0, 0, 0),
('362301199009120525', '陈忆楼', 5, 0, 0, 5, 0, 0, 0, 0, 0),
('36232219880501486X', '刘甜', 5, 0, 0, 5, 0, 0, 0, 0, 0),
('362421199306110041', '欧阳素雅', 5, 0, 0, 5, 0, 0, 0, 0, 0),
('362430197912254819', '周太伟', 10, 0, 0, 10, 0, 0, 0, 0, 0),
('362430198709014873', '贺文杰', 5, 0, 0, 5, 0, 0, 0, 0, 0),
('367401197511030323', '刘佩斐', 10, 0, 0, 10, 0, 0, 0, 0, 0),
('370121197502267411', '金伟', 5, 0, 0, 5, 0, 0, 0, 0, 0),
('370602199002161319', '周斐', 5, 0, 0, 5, 0, 0, 0, 0, 0),
('370982198902193117', '李福来', 5, 0, 0, 5, 0, 0, 0, 0, 0),
('372522198410255813', '田月功', 10, 0, 0, 10, 0, 0, 0, 0, 0),
('372524198306103070', '步士伟', 5, 0, 0, 5, 0, 0, 0, 0, 0),
('410204197609062012', '梁震', 10, 0, 0, 10, 0, 0, 0, 0, 0),
('410223198802093535', '董文超', 5, 0, 0, 5, 0, 0, 0, 0, 0),
('410305197803023529', '吕晓艳', 5, 0, 0, 5, 0, 0, 0, 0, 0),
('410881198210203012', '李宁宁', 10, 0, 0, 10, 0, 0, 0, 0, 0),
('411123197312141064', '袁书敏', 10, 0, 0, 10, 0, 0, 0, 0, 0),
('411326199112252017', '李书旺', 5, 0, 0, 5, 0, 0, 0, 0, 0),
('411327198307284512', '黄晓会', 5, 0, 0, 5, 0, 0, 0, 0, 0),
('411503198603044812', '熊垒', 5, 0, 0, 5, 0, 0, 0, 0, 0),
('412724198802063008', '靳亚娟', 5, 0, 0, 5, 0, 0, 0, 0, 0),
('412727198208042019', '张喆', 10, 0, 0, 10, 0, 0, 0, 0, 0),
('41272719861214309X', '季广华', 5, 0, 0, 5, 0, 0, 0, 0, 0),
('412727199201281660', '张亚楠', 5, 0, 0, 5, 0, 0, 0, 0, 0),
('412822198607161182', '刘艳', 5, 0, 0, 5, 0, 0, 0, 0, 0),
('412825198412254142', '葛月宫', 5, 0, 0, 5, 0, 0, 0, 0, 0),
('412828198708223731', '曹红光', 5, 0, 0, 5, 0, 0, 0, 0, 0),
('413001197802100028', '李丹', 10, 0, 0, 10, 0, 0, 0, 0, 0),
('420107197905052551', '胡平', 10, 0, 0, 10, 0, 0, 0, 0, 0),
('420111196602044159', '朱柏林', 10, 0, 0, 10, 0, 0, 0, 0, 0),
('420117198802173550', '姜金亚', 5, 0, 0, 5, 0, 0, 0, 0, 0),
('420117198805010829', '刘娟', 5, 0, 0, 5, 0, 0, 0, 0, 0),
('420528198408180358', '孙振华', 10, 0, 0, 10, 0, 0, 0, 0, 0),
('420621198709174526', '王芳', 5, 0, 0, 5, 0, 0, 0, 0, 0),
('420626199008066529', '宋丽丽', 5, 0, 0, 5, 0, 0, 0, 0, 0),
('42068319861001701X', '任友全', 5, 0, 0, 5, 0, 0, 0, 0, 0),
('420902198805295923', '胡培君', 5, 0, 0, 5, 0, 0, 0, 0, 0),
('420982198909096023', '何仙', 5, 0, 0, 5, 0, 0, 0, 0, 0),
('421022198707095212', '陈力', 5, 0, 0, 5, 0, 0, 0, 0, 0),
('42102219890428061X', '张杰', 5, 0, 0, 5, 0, 0, 0, 0, 0),
('421022199308015451', '范祖森', 5, 0, 0, 5, 0, 0, 0, 0, 0),
('421023198008127533', '雷松', 10, 0, 0, 10, 0, 0, 0, 0, 0),
('421023199008092953', '吕盼', 5, 0, 0, 5, 0, 0, 0, 0, 0),
('421083198710120418', '张顺', 5, 0, 0, 5, 0, 0, 0, 0, 0),
('42112719830212393x', '张勇', 5, 0, 0, 5, 0, 0, 0, 0, 0),
('421302198908194242', '万倩', 5, 0, 0, 5, 0, 0, 0, 0, 0),
('421302199411167702', '贺莉', 5, 0, 0, 5, 0, 0, 0, 0, 0),
('422201197506250015', '汪小兵', 10, 0, 0, 10, 0, 0, 0, 0, 0),
('422406197901066237', '陈祖发', 10, 0, 0, 10, 0, 0, 0, 0, 0),
('422801197803021836', '何孝君', 10, 0, 0, 10, 0, 0, 0, 0, 0),
('429004198812170653', '肖钟', 5, 0, 0, 5, 0, 0, 0, 0, 0),
('429006198707297751', '刘文兵', 5, 0, 0, 5, 0, 0, 0, 0, 0),
('430102197103241019', '宋谦', 15, 0, 0, 15, 0, 0, 0, 0, 0),
('43010419760413402X', '罗和云', 15, 0, 0, 15, 0, 0, 0, 0, 0),
('430122198202086966', '张懿', 10, 0, 0, 10, 0, 0, 0, 0, 0),
('430223196704043512', '刘建文', 15, 0, 0, 15, 0, 0, 0, 0, 0),
('43022319841009724X', '邓敏(小)', 5, 0, 0, 5, 0, 0, 0, 0, 0),
('43030319681223202X', '姜益群', 10, 0, 0, 10, 0, 0, 0, 0, 0),
('430382198411014085', '张慧A', 10, 0, 0, 10, 0, 0, 0, 0, 0),
('430402197601291517', '颜平', 10, 0, 0, 10, 0, 0, 0, 0, 0),
('430419197906125445', '蒋满秀', 10, 0, 0, 10, 0, 0, 0, 0, 0),
('430421198005201670', '方卫军', 10, 0, 0, 10, 0, 0, 0, 0, 0),
('430421198709137670', '屈兵顺', 5, 0, 0, 5, 0, 0, 0, 0, 0),
('430423198403068222', '符安燕', 10, 0, 0, 10, 0, 0, 0, 0, 0),
('430481198511111738', '李毅', 5, 0, 0, 5, 0, 0, 0, 0, 0),
('430482198905080379', '陈适', 5, 0, 0, 5, 0, 0, 0, 0, 0),
('430511196310025013', '敬初雄', 15, 0, 0, 15, 0, 0, 0, 0, 0),
('430521198109051449', '范贤丽', 10, 0, 0, 10, 0, 0, 0, 0, 0),
('430602197407233015', '符旭', 10, 0, 0, 10, 0, 0, 0, 0, 0),
('430602198203293010', '虞超', 10, 0, 0, 10, 0, 0, 0, 0, 0),
('430603196712223077', '谢小东', 10, 0, 0, 10, 0, 0, 0, 0, 0),
('430611198707291517', '张新斌', 5, 0, 0, 5, 0, 0, 0, 0, 0),
('430623198908078312', '汪鹏', 5, 0, 0, 5, 0, 0, 0, 0, 0),
('430623199211178326', '胡康茹', 5, 0, 0, 5, 0, 0, 0, 0, 0),
('430624198011140077', '朱威', 5, 0, 0, 5, 0, 0, 0, 0, 0),
('430624198808287551', '陈超', 5, 0, 0, 5, 0, 0, 0, 0, 0),
('430624198910034534', '刘曙', 5, 0, 0, 5, 0, 0, 0, 0, 0),
('430626198405292439', '刘祖德', 5, 0, 0, 5, 0, 0, 0, 0, 0),
('430681197702232619', '胡勇江', 10, 0, 0, 10, 0, 0, 0, 0, 0),
('43072119861207311X', '万佳友', 5, 0, 0, 5, 0, 0, 0, 0, 0),
('430725198111023718', '吴松', 5, 0, 0, 5, 0, 0, 0, 0, 0),
('43072519921221362X', '杨娟', 5, 0, 0, 5, 0, 0, 0, 0, 0),
('43092219930613852X', '李玲', 5, 0, 0, 5, 0, 0, 0, 0, 0),
('43092319870609525X', '王思义', 5, 0, 0, 5, 0, 0, 0, 0, 0),
('430981198410180926', '桂文', 10, 0, 0, 10, 0, 0, 0, 0, 0),
('431003198904206535', '李根', 5, 0, 0, 5, 0, 0, 0, 0, 0),
('431023198208061534', '许检会', 5, 0, 0, 5, 0, 0, 0, 0, 0),
('431023199103210542', '唐林英', 5, 0, 0, 5, 0, 0, 0, 0, 0),
('431028198601022031', '阳成彦', 5, 0, 0, 5, 0, 0, 0, 0, 0),
('431126198812090045', '刘恒', 5, 0, 0, 5, 0, 0, 0, 0, 0),
('432502197302110031', '晏华武', 10, 0, 0, 10, 0, 0, 0, 0, 0),
('432502197807210011', '周朝晖', 10, 0, 0, 10, 0, 0, 0, 0, 0),
('432522198912012981', '贺花', 5, 0, 0, 5, 0, 0, 0, 0, 0),
('432621197010116612', '周备战', 15, 0, 0, 15, 0, 0, 0, 0, 0),
('432624196909206119', '毛峰', 15, 0, 0, 15, 0, 0, 0, 0, 0),
('433101196512065513', '向昌海', 15, 0, 0, 15, 0, 0, 0, 0, 0),
('440105197001050116', '林力胜', 15, 0, 0, 15, 0, 0, 0, 0, 0),
('440105197706240032', '李海欢', 15, 0, 0, 15, 0, 0, 0, 0, 0),
('440105198310310019', '简桂彬', 5, 0, 0, 5, 0, 0, 0, 0, 0),
('440106196803271078', '詹泽曙', 15, 0, 0, 15, 0, 0, 0, 0, 0),
('44010619741218406X', '黄宇华', 15, 0, 0, 15, 0, 0, 0, 0, 0),
('440107198207100040', '卢洁倩', 10, 0, 0, 10, 0, 0, 0, 0, 0),
('44012619681028274X', '何一璇', 15, 0, 0, 15, 0, 0, 0, 0, 0),
('440126197303023043', '李秋英', 10, 0, 0, 10, 0, 0, 0, 0, 0),
('440181198404104247', '卢莹', 5, 0, 0, 5, 0, 0, 0, 0, 0),
('440182197912030311', '欧阳峰', 10, 0, 0, 10, 0, 0, 0, 0, 0),
('440182199501252410', '高嘉俊', 5, 0, 0, 5, 0, 0, 0, 0, 0),
('44018319810219282x', '潘共新', 10, 0, 0, 10, 0, 0, 0, 0, 0),
('440183199308244028', '潘紫琳', 5, 0, 0, 5, 0, 0, 0, 0, 0),
('440202197205295365', '廖宝珍', 10, 0, 0, 10, 0, 0, 0, 0, 0),
('440203197307312126', '戴怡', 10, 0, 0, 10, 0, 0, 0, 0, 0),
('440203197907306125', '梁洁', 10, 0, 0, 10, 0, 0, 0, 0, 0),
('440203197908271817', '赵猛', 10, 0, 0, 10, 0, 0, 0, 0, 0),
('440203198812051822', '韩静雯', 5, 0, 0, 5, 0, 0, 0, 0, 0),
('440204197008154718', '钟建明', 15, 0, 0, 15, 0, 0, 0, 0, 0),
('440204197810023723', '谢瑞华', 10, 0, 0, 10, 0, 0, 0, 0, 0),
('440204197811016410', '许潜', 10, 0, 0, 10, 0, 0, 0, 0, 0),
('440204198311107011', '李志锋', 5, 0, 0, 5, 0, 0, 0, 0, 0),
('440204199307185011', '张彦', 5, 0, 0, 5, 0, 0, 0, 0, 0),
('440221196308061654', '陈正新', 10, 0, 0, 10, 0, 0, 0, 0, 0),
('440221198004050314', '黄少鹏', 10, 0, 0, 10, 0, 0, 0, 0, 0),
('440221199211260319', '蔡镇岳', 5, 0, 0, 5, 0, 0, 0, 0, 0),
('440223197705260021', '李贤霞', 10, 0, 0, 10, 0, 0, 0, 0, 0),
('440223198210151119', '刘清涛', 10, 0, 0, 10, 0, 0, 0, 0, 0),
('440224197712192668', '徐卫平', 10, 0, 0, 10, 0, 0, 0, 0, 0),
('440224198601160748', '官美芹', 5, 0, 0, 5, 0, 0, 0, 0, 0),
('440224198708062275', '黎剑文', 5, 0, 0, 5, 0, 0, 0, 0, 0),
('440224198903200514', '赖凯威', 5, 0, 0, 5, 0, 0, 0, 0, 0),
('440229197408200071', '刘飞鹏', 10, 0, 0, 10, 0, 0, 0, 0, 0),
('440229198401291016', '许国鹏', 5, 0, 0, 5, 0, 0, 0, 0, 0),
('44022919841206322x', '王雪平', 10, 0, 0, 10, 0, 0, 0, 0, 0),
('440229199004132219', '包先保', 5, 0, 0, 5, 0, 0, 0, 0, 0),
('44023319660313003X', '俞雀', 15, 0, 0, 15, 0, 0, 0, 0, 0),
('440233197312300021', '周黄燕', 10, 0, 0, 10, 0, 0, 0, 0, 0),
('44023319770707003x', '胡华卫', 10, 0, 0, 10, 0, 0, 0, 0, 0),
('44023319840126002x', '陈思艳', 5, 0, 0, 5, 0, 0, 0, 0, 0),
('440402198210159195', '潘新梁', 5, 0, 0, 5, 0, 0, 0, 0, 0),
('440402199403289134', '钟经旻', 5, 0, 0, 5, 0, 0, 0, 0, 0),
('440421197908161718', '叶润生', 10, 0, 0, 10, 0, 0, 0, 0, 0),
('44042119810812805X', '曾德洪', 5, 0, 0, 5, 0, 0, 0, 0, 0),
('440421198506088102', '梁亦笑', 10, 0, 0, 10, 0, 0, 0, 0, 0),
('44042119930101821X', '钟金鑫', 5, 0, 0, 5, 0, 0, 0, 0, 0),
('440421199302238089', '严开珍', 5, 0, 0, 5, 0, 0, 0, 0, 0),
('440421199412318020', '罗壹琳', 5, 0, 0, 5, 0, 0, 0, 0, 0),
('44042119971103807X', '严开明', 0, 0, 0, 0, 0, 0, 0, 0, 0),
('44050919810415602X', '彭丽娟', 10, 0, 0, 10, 0, 0, 0, 0, 0),
('440522197503124312', '陈桂延', 15, 0, 0, 15, 0, 0, 0, 0, 0),
('44058219860217544x', '陈瀚妍', 10, 0, 0, 10, 0, 0, 0, 0, 0),
('440582199004177212', '陈晓辉', 5, 0, 0, 5, 0, 0, 0, 0, 0),
('440582199104066915', '刘宏武', 5, 0, 0, 5, 0, 0, 0, 0, 0),
('440582199109080951', '张楚彬', 5, 0, 0, 5, 0, 0, 0, 0, 0),
('440583198605161648', '陈绿纯', 10, 0, 0, 10, 0, 0, 0, 0, 0),
('440583198807014232', '林钊杰', 5, 0, 0, 5, 0, 0, 0, 0, 0),
('440602197502010911', '曾毅华', 15, 0, 0, 15, 0, 0, 0, 0, 0),
('440602198112101871', '周玉麟', 10, 0, 0, 10, 0, 0, 0, 0, 0),
('440602198605112122', '潘栩怡', 10, 0, 0, 10, 0, 0, 0, 0, 0),
('440603199101193847', '冯雪香', 5, 0, 0, 5, 0, 0, 0, 0, 0),
('440620196404230329', '李洁玲(大)', 10, 0, 0, 10, 0, 0, 0, 0, 0),
('440620196709280714', '刘溢宏', 15, 0, 0, 15, 0, 0, 0, 0, 0),
('44062019680812715X', '刘树铭', 10, 0, 0, 10, 0, 0, 0, 0, 0),
('440620196901240026', '梁少聪', 10, 0, 0, 10, 0, 0, 0, 0, 0),
('440620196910310065', '黄泳贤', 15, 0, 0, 15, 0, 0, 0, 0, 0),
('440620196911120327', '王卓珊', 15, 0, 0, 15, 0, 0, 0, 0, 0),
('440620197007210329', '彭小贞', 15, 0, 0, 15, 0, 0, 0, 0, 0),
('440620197009263686', '彭芷阶', 15, 0, 0, 15, 0, 0, 0, 0, 0),
('440620197012230121', '胡雁英', 10, 0, 0, 10, 0, 0, 0, 0, 0),
('440681199309040814', '冼嘉亮', 5, 0, 0, 5, 0, 0, 0, 0, 0),
('440684198705090041', '严敏仪', 5, 0, 0, 5, 0, 0, 0, 0, 0),
('440711197311135115', '张昱', 10, 0, 0, 10, 0, 0, 0, 0, 0),
('440711198010143925', '邓敏(大)', 10, 0, 0, 10, 0, 0, 0, 0, 0),
('440711198203055120', '施燕菊', 5, 0, 0, 5, 0, 0, 0, 0, 0),
('440721196911302173', '李有强', 10, 0, 0, 10, 0, 0, 0, 0, 0),
('440723197002112812', '陈振光', 10, 0, 0, 10, 0, 0, 0, 0, 0),
('440724196510054833', '司徒春明', 10, 0, 0, 10, 0, 0, 0, 0, 0),
('440781198805160541', '王丽容', 5, 0, 0, 5, 0, 0, 0, 0, 0),
('440781198811084346', '王丽华', 5, 0, 0, 5, 0, 0, 0, 0, 0),
('440781199101117232', '徐建军', 5, 0, 0, 5, 0, 0, 0, 0, 0),
('440782198304145921', '吴敏玲', 10, 0, 0, 10, 0, 0, 0, 0, 0),
('440782198603083345', '叶丽华', 5, 0, 0, 5, 0, 0, 0, 0, 0),
('440782198808117318', '胡振荣', 5, 0, 0, 5, 0, 0, 0, 0, 0),
('440782199210110335', '郑东', 5, 0, 0, 5, 0, 0, 0, 0, 0),
('440782199306165939', '吴海健', 5, 0, 0, 5, 0, 0, 0, 0, 0),
('440782199307050615', '聂伟恒', 5, 0, 0, 5, 0, 0, 0, 0, 0),
('44078319881007152X', '梁雪冰', 5, 0, 0, 5, 0, 0, 0, 0, 0),
('440784198711240646', '邓丽玲', 5, 0, 0, 5, 0, 0, 0, 0, 0),
('440785199204280011', '陈志伟', 5, 0, 0, 5, 0, 0, 0, 0, 0),
('440802197306240817', '赵秉雄', 15, 0, 0, 15, 0, 0, 0, 0, 0),
('44080219870513002X', '梁霞', 5, 0, 0, 5, 0, 0, 0, 0, 0),
('440802198804302229', '蔡鸣凤', 5, 0, 0, 5, 0, 0, 0, 0, 0),
('440803199108132968', '周颖', 5, 0, 0, 5, 0, 0, 0, 0, 0),
('440804198905200603', '许华娟', 5, 0, 0, 5, 0, 0, 0, 0, 0),
('440804199008141134', '莫开强', 5, 0, 0, 5, 0, 0, 0, 0, 0),
('440804199202260225', '陈婷', 5, 0, 0, 5, 0, 0, 0, 0, 0),
('440822197103186713', '李太旺', 10, 0, 0, 10, 0, 0, 0, 0, 0),
('440822197909130225', '梁克冰', 10, 0, 0, 10, 0, 0, 0, 0, 0),
('440823198807060135', '陈粤河', 5, 0, 0, 5, 0, 0, 0, 0, 0),
('440823199004124934', '蔡广斯', 5, 0, 0, 5, 0, 0, 0, 0, 0),
('440823199010196512', '陈锐智', 5, 0, 0, 5, 0, 0, 0, 0, 0),
('440823199107243936', '庄伟强', 5, 0, 0, 5, 0, 0, 0, 0, 0),
('440823199307070072', '伍维聪', 5, 0, 0, 5, 0, 0, 0, 0, 0),
('440825198205052365', '黄兰花', 10, 0, 0, 10, 0, 0, 0, 0, 0),
('440825198308061475', '曾汝翔', 10, 0, 0, 10, 0, 0, 0, 0, 0),
('440825198701263014', '梁才利', 5, 0, 0, 5, 0, 0, 0, 0, 0),
('440881198409103225', '李稣明', 10, 0, 0, 10, 0, 0, 0, 0, 0),
('44088119841201723X', '潘广聪', 0, 0, 0, 0, 0, 0, 0, 0, 0),
('44088119890331102X', '刘海媚', 5, 0, 0, 5, 0, 0, 0, 0, 0),
('440881198905280423', '黄一君', 5, 0, 0, 5, 0, 0, 0, 0, 0),
('440881198908203116', '陈坤明', 5, 0, 0, 5, 0, 0, 0, 0, 0),
('440881199105013567', '莫月娥', 5, 0, 0, 5, 0, 0, 0, 0, 0),
('440881199204104456', '曹济硕', 5, 0, 0, 5, 0, 0, 0, 0, 0),
('440881199308045120', '刘广芬', 5, 0, 0, 5, 0, 0, 0, 0, 0),
('440882198111280022', '冯莹莹', 5, 0, 0, 5, 0, 0, 0, 0, 0),
('440882198603310021', '李小翠', 5, 0, 0, 5, 0, 0, 0, 0, 0),
('44088219870506882X', '袁晓燕', 5, 0, 0, 5, 0, 0, 0, 0, 0),
('440882198811156946', '张风超', 5, 0, 0, 5, 0, 0, 0, 0, 0),
('440882198907286198', '郭堪宏', 5, 0, 0, 5, 0, 0, 0, 0, 0),
('440882199005263928', '王彩连', 5, 0, 0, 5, 0, 0, 0, 0, 0),
('440882199010063074', '肖剑飞', 5, 0, 0, 5, 0, 0, 0, 0, 0),
('440882199309019318', '马康武', 5, 0, 0, 5, 0, 0, 0, 0, 0),
('440902197312091219', '黄伟达', 15, 0, 0, 15, 0, 0, 0, 0, 0),
('440902197910281215', '陈兴', 10, 0, 0, 10, 0, 0, 0, 0, 0),
('440902198507050411', '陈学超', 5, 0, 0, 5, 0, 0, 0, 0, 0),
('440902199201012513', '罗杰', 5, 0, 0, 5, 0, 0, 0, 0, 0),
('440902199301280427', '张露丹', 5, 0, 0, 5, 0, 0, 0, 0, 0),
('440902199308190125', '仇亦彤', 5, 0, 0, 5, 0, 0, 0, 0, 0),
('44092119700930353X', '张庆才', 15, 0, 0, 15, 0, 0, 0, 0, 0),
('440921198208294247', '黄红梅', 10, 0, 0, 10, 0, 0, 0, 0, 0),
('440921198404050039', '赖庭轩', 10, 0, 0, 10, 0, 0, 0, 0, 0),
('440921198502167118', '赖光耀', 5, 0, 0, 5, 0, 0, 0, 0, 0),
('440921199007233565', '冯天梅', 5, 0, 0, 5, 0, 0, 0, 0, 0),
('440921199009236559', '梁正威', 5, 0, 0, 5, 0, 0, 0, 0, 0),
('440921199109251633', '李潮', 5, 0, 0, 5, 0, 0, 0, 0, 0),
('440921199209302936', '甘子运', 5, 0, 0, 5, 0, 0, 0, 0, 0),
('440923197810235416', '吴宗', 10, 0, 0, 10, 0, 0, 0, 0, 0),
('440923197912015756', '吴豪', 5, 0, 0, 5, 0, 0, 0, 0, 0),
('440923198012144354', '蔡锦俊', 5, 0, 0, 5, 0, 0, 0, 0, 0),
('440923198607092661', '李小瑜', 5, 0, 0, 5, 0, 0, 0, 0, 0),
('440923198608260559', '陈鹏国', 5, 0, 0, 5, 0, 0, 0, 0, 0),
('440923198912306865', '陈彩英', 5, 0, 0, 5, 0, 0, 0, 0, 0),
('440923199004282639', '王文慧', 5, 0, 0, 5, 0, 0, 0, 0, 0),
('440981198308110026', '杨绮', 10, 0, 0, 10, 0, 0, 0, 0, 0),
('44098119841221831X', '苏磊', 5, 0, 0, 5, 0, 0, 0, 0, 0),
('440981198602164957', '胡锡浩', 5, 0, 0, 5, 0, 0, 0, 0, 0),
('44098119870304353X', '李华挺', 5, 0, 0, 5, 0, 0, 0, 0, 0),
('440981198811123916', '朱飞龙', 5, 0, 0, 5, 0, 0, 0, 0, 0),
('440981198902242224', '钟水妹', 5, 0, 0, 5, 0, 0, 0, 0, 0),
('44098119890426112X', '何伟珍', 5, 0, 0, 5, 0, 0, 0, 0, 0),
('44098119900618194X', '邱汶娴', 5, 0, 0, 5, 0, 0, 0, 0, 0),
('440981199111034634', '任清华', 5, 0, 0, 5, 0, 0, 0, 0, 0),
('440982198607036109', '陈春妃', 5, 0, 0, 5, 0, 0, 0, 0, 0),
('44098219871209102X', '黄敏慧', 5, 0, 0, 5, 0, 0, 0, 0, 0),
('440982198906025661', '董春伶', 5, 0, 0, 5, 0, 0, 0, 0, 0),
('440982199101301619', '王雄华', 5, 0, 0, 5, 0, 0, 0, 0, 0),
('440983199309177465', '杨李红', 5, 0, 0, 5, 0, 0, 0, 0, 0),
('441221197403096113', '朱铭新', 10, 0, 0, 10, 0, 0, 0, 0, 0),
('441224198703040510', '敬永明', 5, 0, 0, 5, 0, 0, 0, 0, 0),
('441225198112201323', '梁月梅', 10, 0, 0, 10, 0, 0, 0, 0, 0),
('441225198208251026', '欧小冰', 10, 0, 0, 10, 0, 0, 0, 0, 0),
('441225198510020018', '梁明君', 5, 0, 0, 5, 0, 0, 0, 0, 0),
('441225198708172973', '林健标', 5, 0, 0, 5, 0, 0, 0, 0, 0),
('441225199107200013', '罗瑞康', 5, 0, 0, 5, 0, 0, 0, 0, 0),
('441226199106012623', '何兵梅', 5, 0, 0, 5, 0, 0, 0, 0, 0),
('441226199210194017', '林善炜', 5, 0, 0, 5, 0, 0, 0, 0, 0),
('441229197308070733', '聂剑泉', 10, 0, 0, 10, 0, 0, 0, 0, 0),
('441282198203204527', '张翠玲', 10, 0, 0, 10, 0, 0, 0, 0, 0),
('441283198705101065', '邓梅芳', 5, 0, 0, 5, 0, 0, 0, 0, 0),
('441283198809061045', '邓惠仪', 5, 0, 0, 5, 0, 0, 0, 0, 0),
('44128319900510426X', '邓健欣', 5, 0, 0, 5, 0, 0, 0, 0, 0),
('441322198003055837', '翟华健', 10, 0, 0, 10, 0, 0, 0, 0, 0),
('441322198905202381', '吴杰玲', 5, 0, 0, 5, 0, 0, 0, 0, 0),
('441324199406183320', '陈淑华', 5, 0, 0, 5, 0, 0, 0, 0, 0),
('441402197906021019', '刘琦', 10, 0, 0, 10, 0, 0, 0, 0, 0),
('441421197403254178', '朱胜斌', 10, 0, 0, 10, 0, 0, 0, 0, 0),
('441421199010084429', '李好华', 5, 0, 0, 5, 0, 0, 0, 0, 0),
('441421199301315119', '张新锋', 5, 0, 0, 5, 0, 0, 0, 0, 0),
('441422198707140015', '何东海', 5, 0, 0, 5, 0, 0, 0, 0, 0),
('441422198903124522', '杨谊', 5, 0, 0, 5, 0, 0, 0, 0, 0),
('441423198910231015', '刘荣昌', 5, 0, 0, 5, 0, 0, 0, 0, 0),
('441423199002163314', '徐建森', 5, 0, 0, 5, 0, 0, 0, 0, 0),
('441423199210042373', '陈浩', 5, 0, 0, 5, 0, 0, 0, 0, 0),
('441423199308041416', '严权伟', 5, 0, 0, 5, 0, 0, 0, 0, 0),
('441424198009254851', '张文浩', 10, 0, 0, 10, 0, 0, 0, 0, 0),
('441424198204284829', '陈红霞', 10, 0, 0, 10, 0, 0, 0, 0, 0),
('441424198309250545', '曾苑红', 10, 0, 0, 10, 0, 0, 0, 0, 0),
('441424198312234845', '张环花', 10, 0, 0, 10, 0, 0, 0, 0, 0),
('441424198410060017', '李伟标', 5, 0, 0, 5, 0, 0, 0, 0, 0),
('441424198606014864', '杨新花', 10, 0, 0, 10, 0, 0, 0, 0, 0),
('441424198703121602', '魏婷燕', 5, 0, 0, 5, 0, 0, 0, 0, 0),
('441424198708231595', '李国方', 5, 0, 0, 5, 0, 0, 0, 0, 0),
('441424198909191577', '李国浩', 5, 0, 0, 5, 0, 0, 0, 0, 0),
('441424199004181387', '陈碧娟', 5, 0, 0, 5, 0, 0, 0, 0, 0),
('441424199209075545', '胡剑青', 5, 0, 0, 5, 0, 0, 0, 0, 0),
('441424199211054874', '胡俊龙', 5, 0, 0, 5, 0, 0, 0, 0, 0),
('441424199501013755', '曾天文', 5, 0, 0, 5, 0, 0, 0, 0, 0),
('441425197012100038', '罗文东', 15, 0, 0, 15, 0, 0, 0, 0, 0),
('441425197504135093', '王伟波', 10, 0, 0, 10, 0, 0, 0, 0, 0),
('441425197507260201', '魏海鸥', 15, 0, 0, 15, 0, 0, 0, 0, 0),
('44142519770910176X', '刘丽平', 10, 0, 0, 10, 0, 0, 0, 0, 0),
('441425197711300362', '杨静', 15, 0, 0, 15, 0, 0, 0, 0, 0),
('441427198609180314', '张云兴', 10, 0, 0, 10, 0, 0, 0, 0, 0),
('441427198912180018', '赖潜', 5, 0, 0, 5, 0, 0, 0, 0, 0),
('441481198401032927', '练秀欢', 10, 0, 0, 10, 0, 0, 0, 0, 0),
('441481198704210399', '李文炬', 5, 0, 0, 5, 0, 0, 0, 0, 0),
('441481198904080031', '罗沐彬', 5, 0, 0, 5, 0, 0, 0, 0, 0),
('441481199101255509', '黄萍', 5, 0, 0, 5, 0, 0, 0, 0, 0),
('441481199404222720', '钟思婷', 5, 0, 0, 5, 0, 0, 0, 0, 0),
('441481199409256479', '陈宪强', 5, 0, 0, 5, 0, 0, 0, 0, 0),
('441501198405224532', '林万青', 5, 0, 0, 5, 0, 0, 0, 0, 0),
('441501198911286074', '余建洲', 5, 0, 0, 5, 0, 0, 0, 0, 0),
('441502198809064017', '庄振荣', 10, 0, 0, 10, 0, 0, 0, 0, 0),
('44152119830204821X', '陈伊文', 5, 0, 0, 5, 0, 0, 0, 0, 0),
('441521198310078515', '郭泽民', 10, 0, 0, 10, 0, 0, 0, 0, 0),
('441521198603040027', '陈菲菲', 10, 0, 0, 10, 0, 0, 0, 0, 0),
('441521198702161166', '张剑玲', 5, 0, 0, 5, 0, 0, 0, 0, 0),
('441521198705154121', '刘佳容', 5, 0, 0, 5, 0, 0, 0, 0, 0),
('441521198808308250', '陈伊达', 5, 0, 0, 5, 0, 0, 0, 0, 0),
('441521198912268252', '陈彦立', 5, 0, 0, 5, 0, 0, 0, 0, 0),
('441521199207142712', '肖尔广', 5, 0, 0, 5, 0, 0, 0, 0, 0),
('441522197808090652', '陈水僯', 10, 0, 0, 10, 0, 0, 0, 0, 0),
('441522198711080057', '林钲倍', 5, 0, 0, 5, 0, 0, 0, 0, 0),
('441522199103212743', '黄映玲', 5, 0, 0, 5, 0, 0, 0, 0, 0),
('441522199111250694', '庄坤展', 5, 0, 0, 5, 0, 0, 0, 0, 0),
('441581198608184720', '林美杏', 5, 0, 0, 5, 0, 0, 0, 0, 0),
('441602198409132215', '吴泽民', 10, 0, 0, 10, 0, 0, 0, 0, 0),
('441621197510054017', '冯晓锋', 10, 0, 0, 10, 0, 0, 0, 0, 0),
('441621198307196428', '钟燕花', 10, 0, 0, 10, 0, 0, 0, 0, 0),
('441621198308054528', '曾建红', 10, 0, 0, 10, 0, 0, 0, 0, 0),
('441621198811074825', '张嘉玲', 5, 0, 0, 5, 0, 0, 0, 0, 0),
('441621199002283816', '赖焕滔', 5, 0, 0, 5, 0, 0, 0, 0, 0),
('441621199506063219', '宋晓辉', 5, 0, 0, 5, 0, 0, 0, 0, 0),
('441622198304163061', '郑丽丽', 5, 0, 0, 5, 0, 0, 0, 0, 0),
('441622198306207179', '陈荣金', 5, 0, 0, 5, 0, 0, 0, 0, 0),
('441623197411180029', '林春阳', 10, 0, 0, 10, 0, 0, 0, 0, 0),
('441623198705045214', '曾栋', 5, 0, 0, 5, 0, 0, 0, 0, 0),
('441625198411100540', '叶小娟', 10, 0, 0, 10, 0, 0, 0, 0, 0),
('441702198511052831', '梁华考', 5, 0, 0, 5, 0, 0, 0, 0, 0),
('441702199005241730', '黄维攀', 5, 0, 0, 5, 0, 0, 0, 0, 0),
('441702199202021411', '黎金明', 5, 0, 0, 5, 0, 0, 0, 0, 0),
('441721198005114031', '陈圣守', 10, 0, 0, 10, 0, 0, 0, 0, 0),
('441721198906282067', '冯德珠', 5, 0, 0, 5, 0, 0, 0, 0, 0),
('441723198711092928', '李梅花', 5, 0, 0, 5, 0, 0, 0, 0, 0),
('441723198801271313', '雷自均', 5, 0, 0, 5, 0, 0, 0, 0, 0),
('441781198202205940', '蓝昭英', 10, 0, 0, 10, 0, 0, 0, 0, 0),
('441781198210055946', '李洁玲', 10, 0, 0, 10, 0, 0, 0, 0, 0),
('441781198308265917', '刘鹏辉', 10, 0, 0, 10, 0, 0, 0, 0, 0),
('441781198411174140', '黄华洁', 5, 0, 0, 5, 0, 0, 0, 0, 0),
('441781198604075421', '吴小苗', 5, 0, 0, 5, 0, 0, 0, 0, 0),
('441781199007012224', '莫益间', 5, 0, 0, 5, 0, 0, 0, 0, 0),
('441781199008192239', '陈家福', 5, 0, 0, 5, 0, 0, 0, 0, 0),
('441781199310032017', '曾广灿', 5, 0, 0, 5, 0, 0, 0, 0, 0),
('441781199501094667', '李嘉雯', 5, 0, 0, 5, 0, 0, 0, 0, 0),
('441801198110242828', '李永美', 10, 0, 0, 10, 0, 0, 0, 0, 0),
('441802197712240215', '禤毅良', 10, 0, 0, 10, 0, 0, 0, 0, 0),
('441821197503282418', '朱国锋', 15, 0, 0, 15, 0, 0, 0, 0, 0),
('441821198008150914', '王志敏', 5, 0, 0, 5, 0, 0, 0, 0, 0),
('441821198207122748', '欧阳柱冰', 10, 0, 0, 10, 0, 0, 0, 0, 0),
('441822197608020269', '杨丽芳', 10, 0, 0, 10, 0, 0, 0, 0, 0),
('441822197804188317', '沈锋', 10, 0, 0, 10, 0, 0, 0, 0, 0),
('441824197805141521', '陈美霞', 10, 0, 0, 10, 0, 0, 0, 0, 0),
('441827199003105121', '余芬', 5, 0, 0, 5, 0, 0, 0, 0, 0),
('441881197808066675', '陈定班', 10, 0, 0, 10, 0, 0, 0, 0, 0),
('441881198109285048', '黄琴', 10, 0, 0, 10, 0, 0, 0, 0, 0),
('441881198402163429', '罗配华', 10, 0, 0, 10, 0, 0, 0, 0, 0),
('441881198810297418', '邓景赛', 5, 0, 0, 5, 0, 0, 0, 0, 0),
('441882199003160627', '成玮琪', 5, 0, 0, 5, 0, 0, 0, 0, 0),
('441882199104133310', '吴晓华', 5, 0, 0, 5, 0, 0, 0, 0, 0),
('441900198603161312', '林仲明', 5, 0, 0, 5, 0, 0, 0, 0, 0),
('442000196412188152', '何孟云', 10, 0, 0, 10, 0, 0, 0, 0, 0),
('442000197006120712', '邓维钦', 10, 0, 0, 10, 0, 0, 0, 0, 0),
('442000197008013304', '吴彩兰', 10, 0, 0, 10, 0, 0, 0, 0, 0),
('442000197008270327', '梁慧宁', 15, 0, 0, 15, 0, 0, 0, 0, 0),
('442000197010102031', '林后建', 10, 0, 0, 10, 0, 0, 0, 0, 0),
('442000197111067669', '吴惠群', 15, 0, 0, 15, 0, 0, 0, 0, 0),
('44200019720901088X', '梁红英', 15, 0, 0, 15, 0, 0, 0, 0, 0),
('442000197211032957', '杨志全', 15, 0, 0, 15, 0, 0, 0, 0, 0),
('442000197302040020', '张海燕', 15, 0, 0, 15, 0, 0, 0, 0, 0),
('442000197302210544', '刘国群', 5, 0, 0, 5, 0, 0, 0, 0, 0),
('442000197303100726', '司徒美华', 10, 0, 0, 10, 0, 0, 0, 0, 0),
('442000197306077664', '郑燕芬', 10, 0, 0, 10, 0, 0, 0, 0, 0),
('442000197308280543', '梁丽华', 10, 0, 0, 10, 0, 0, 0, 0, 0),
('442000197311020726', '郑燕雯', 15, 0, 0, 15, 0, 0, 0, 0, 0),
('442000197311160032', '温钢龙', 10, 0, 0, 10, 0, 0, 0, 0, 0),
('442000197312251788', '肖凤娟', 10, 0, 0, 10, 0, 0, 0, 0, 0),
('442000197312280714', '何永生', 10, 0, 0, 10, 0, 0, 0, 0, 0),
('442000197402010339', '陈万良', 10, 0, 0, 10, 0, 0, 0, 0, 0),
('442000197403186117', '余粤宾', 15, 0, 0, 15, 0, 0, 0, 0, 0),
('442000197404260745', '冯春燕', 10, 0, 0, 10, 0, 0, 0, 0, 0),
('442000197406111276', '黄日明', 10, 0, 0, 10, 0, 0, 0, 0, 0),
('442000197407190711', '林俊晖', 10, 0, 0, 10, 0, 0, 0, 0, 0),
('44200019740918717X', '梁伟洪', 15, 0, 0, 15, 0, 0, 0, 0, 0),
('442000197410118374', '洪靖华', 15, 0, 0, 15, 0, 0, 0, 0, 0),
('442000197410147669', '郭嘉谊', 10, 0, 0, 10, 0, 0, 0, 0, 0),
('44200019741126092X', '黄彩体', 10, 0, 0, 10, 0, 0, 0, 0, 0),
('442000197412090010', '何健坤', 10, 0, 0, 10, 0, 0, 0, 0, 0),
('442000197412280316', '黄志刚', 10, 0, 0, 10, 0, 0, 0, 0, 0),
('442000197501240869', '袁敏华', 10, 0, 0, 10, 0, 0, 0, 0, 0),
('442000197502080027', '林丽铭', 10, 0, 0, 10, 0, 0, 0, 0, 0),
('442000197504107369', '梁淑媚', 10, 0, 0, 10, 0, 0, 0, 0, 0),
('44200019750422002x', '董结冰', 10, 0, 0, 10, 0, 0, 0, 0, 0),
('442000197505040039', '张国建', 15, 0, 0, 15, 0, 0, 0, 0, 0),
('442000197505311783', '黄丽', 15, 0, 0, 15, 0, 0, 0, 0, 0),
('442000197506157650', '郭锐钦', 10, 0, 0, 10, 0, 0, 0, 0, 0),
('442000197507110766', '杨子卿', 10, 0, 0, 10, 0, 0, 0, 0, 0),
('442000197510102783', '梁丽云', 10, 0, 0, 10, 0, 0, 0, 0, 0),
('442000197601271267', '余泳欣', 10, 0, 0, 10, 0, 0, 0, 0, 0),
('442000197601271582', '黄巧荣', 10, 0, 0, 10, 0, 0, 0, 0, 0),
('442000197603274234', '凌志康', 10, 0, 0, 10, 0, 0, 0, 0, 0),
('442000197607112347', '郑韵绮', 10, 0, 0, 10, 0, 0, 0, 0, 0),
('442000197607257669', '蔡蔼霞', 10, 0, 0, 10, 0, 0, 0, 0, 0),
('442000197609180546', '刘敬智', 15, 0, 0, 15, 0, 0, 0, 0, 0),
('442000197703257669', '杜海茵', 10, 0, 0, 10, 0, 0, 0, 0, 0),
('442000197708126414', '林伟强', 10, 0, 0, 10, 0, 0, 0, 0, 0),
('442000197708260867', '黄曼妍', 10, 0, 0, 10, 0, 0, 0, 0, 0),
('442000197710012045', '严淑娴', 10, 0, 0, 10, 0, 0, 0, 0, 0),
('442000197711130326', '熊晓庆', 10, 0, 0, 10, 0, 0, 0, 0, 0),
('442000197711133703', '薛金连', 10, 0, 0, 10, 0, 0, 0, 0, 0),
('442000197711157684', '麦昭妍', 10, 0, 0, 10, 0, 0, 0, 0, 0),
('442000197711225712', '袁永康', 10, 0, 0, 10, 0, 0, 0, 0, 0),
('442000197712210328', '刘迎凯', 5, 0, 0, 5, 0, 0, 0, 0, 0),
('442000197801187684', '林汉仪', 10, 0, 0, 10, 0, 0, 0, 0, 0),
('442000197801232967', '吴彤', 10, 0, 0, 10, 0, 0, 0, 0, 0),
('442000197802160926', '吴海珊', 10, 0, 0, 10, 0, 0, 0, 0, 0),
('442000197803230850', '陈展宏', 10, 0, 0, 10, 0, 0, 0, 0, 0),
('44200019780429838x', '陈瑞娴', 10, 0, 0, 10, 0, 0, 0, 0, 0),
('442000197805030430', '苏坤全', 10, 0, 0, 10, 0, 0, 0, 0, 0),
('442000197805082046', '林沛潮', 10, 0, 0, 10, 0, 0, 0, 0, 0),
('442000197805164025', '杨海珍', 10, 0, 0, 10, 0, 0, 0, 0, 0),
('442000197806298383', '陈文晖', 10, 0, 0, 10, 0, 0, 0, 0, 0),
('442000197811048426', '刘燕映', 10, 0, 0, 10, 0, 0, 0, 0, 0),
('44200019781106838X', '何佩嫦', 10, 0, 0, 10, 0, 0, 0, 0, 0),
('44200019790205379X', '梁展云', 10, 0, 0, 10, 0, 0, 0, 0, 0),
('442000197903122048', '程丽娟', 10, 0, 0, 10, 0, 0, 0, 0, 0),
('442000197903140852', '黄远', 10, 0, 0, 10, 0, 0, 0, 0, 0),
('442000197903160888', '梅凤庄', 10, 0, 0, 10, 0, 0, 0, 0, 0),
('442000197904160011', '魏建鸿', 10, 0, 0, 10, 0, 0, 0, 0, 0),
('44200019790627205X', '程文洁', 10, 0, 0, 10, 0, 0, 0, 0, 0),
('442000197906277651', '谭卫标', 5, 0, 0, 5, 0, 0, 0, 0, 0),
('442000197907028382', '龙容妹', 10, 0, 0, 10, 0, 0, 0, 0, 0),
('442000197907066418', '李君洪', 10, 0, 0, 10, 0, 0, 0, 0, 0),
('442000197907192043', '严淑妍', 10, 0, 0, 10, 0, 0, 0, 0, 0),
('442000197907220059', '杨嘉荣', 10, 0, 0, 10, 0, 0, 0, 0, 0),
('442000197908210549', '陈剑敏', 10, 0, 0, 10, 0, 0, 0, 0, 0),
('442000197908260546', '蔡展月', 10, 0, 0, 10, 0, 0, 0, 0, 0),
('44200019790916234x', '马锦莲', 10, 0, 0, 10, 0, 0, 0, 0, 0),
('442000197910102045', '魏素贞', 10, 0, 0, 10, 0, 0, 0, 0, 0),
('442000197910268395', '陈雪充', 5, 0, 0, 5, 0, 0, 0, 0, 0),
('442000197912158157', '吴炬荣', 10, 0, 0, 10, 0, 0, 0, 0, 0),
('442000197912280320', '阮露苗', 10, 0, 0, 10, 0, 0, 0, 0, 0),
('44200019800113815X', '梁钊坤', 10, 0, 0, 10, 0, 0, 0, 0, 0),
('442000198002044059', '黄锐贤', 10, 0, 0, 10, 0, 0, 0, 0, 0),
('442000198007185205', '孔倩坤', 10, 0, 0, 10, 0, 0, 0, 0, 0),
('442000198008312341', '孙雅娜', 10, 0, 0, 10, 0, 0, 0, 0, 0),
('442000198009011583', '陈悦娟', 10, 0, 0, 10, 0, 0, 0, 0, 0),
('442000198009176441', '萧锡云', 10, 0, 0, 10, 0, 0, 0, 0, 0),
('442000198011041765', '郭嘉榆', 10, 0, 0, 10, 0, 0, 0, 0, 0),
('442000198011233687', '何敏芳', 10, 0, 0, 10, 0, 0, 0, 0, 0),
('442000198012045493', '梁照华', 5, 0, 0, 5, 0, 0, 0, 0, 0),
('442000198101100028', '李丽平', 10, 0, 0, 10, 0, 0, 0, 0, 0),
('442000198101150017', '罗昊君', 10, 0, 0, 10, 0, 0, 0, 0, 0),
('442000198101197659', '朱莹楚', 10, 0, 0, 10, 0, 0, 0, 0, 0),
('442000198102153826', '梁少珍', 10, 0, 0, 10, 0, 0, 0, 0, 0),
('442000198107058158', '冯汝佳', 10, 0, 0, 10, 0, 0, 0, 0, 0),
('442000198107095725', '袁美芬', 10, 0, 0, 10, 0, 0, 0, 0, 0),
('442000198109033800', '林焕冰', 10, 0, 0, 10, 0, 0, 0, 0, 0),
('442000198109080850', '梁永滔', 5, 0, 0, 5, 0, 0, 0, 0, 0),
('442000198110125454', '邓钊林', 10, 0, 0, 10, 0, 0, 0, 0, 0),
('442000198110170327', '何凤萍', 10, 0, 0, 10, 0, 0, 0, 0, 0),
('442000198112048384', '郑家茵', 10, 0, 0, 10, 0, 0, 0, 0, 0),
('442000198201112368', '林倩嘉', 10, 0, 0, 10, 0, 0, 0, 0, 0),
('442000198202021572', '肖冠荣', 10, 0, 0, 10, 0, 0, 0, 0, 0),
('442000198202188428', '黄绮婷', 10, 0, 0, 10, 0, 0, 0, 0, 0),
('44200019820312002X', '秦晓川', 10, 0, 0, 10, 0, 0, 0, 0, 0),
('44200019820320547X', '何洪章', 10, 0, 0, 10, 0, 0, 0, 0, 0),
('442000198204011589', '陈悦嫦', 10, 0, 0, 10, 0, 0, 0, 0, 0),
('442000198205020866', '徐翩', 10, 0, 0, 10, 0, 0, 0, 0, 0),
('442000198205030722', '李丝韵', 10, 0, 0, 10, 0, 0, 0, 0, 0),
('442000198205176107', '叶笑梅', 10, 0, 0, 10, 0, 0, 0, 0, 0),
('442000198206242583', '李桂娇', 10, 0, 0, 10, 0, 0, 0, 0, 0),
('442000198207242956', '李惠东', 10, 0, 0, 10, 0, 0, 0, 0, 0),
('44200019820913422X', '陈翠芬', 10, 0, 0, 10, 0, 0, 0, 0, 0),
('442000198210124221', '崔彩英', 10, 0, 0, 10, 0, 0, 0, 0, 0),
('442000198210282975', '周茂荣', 10, 0, 0, 10, 0, 0, 0, 0, 0),
('442000198211032580', '叶剑贞', 10, 0, 0, 10, 0, 0, 0, 0, 0),
('442000198211230720', '欧颖怡', 10, 0, 0, 10, 0, 0, 0, 0, 0),
('44200019830109884X', '张健君', 10, 0, 0, 10, 0, 0, 0, 0, 0),
('442000198303273699', '梁文发', 10, 0, 0, 10, 0, 0, 0, 0, 0),
('442000198305306116', '梁志玲', 10, 0, 0, 10, 0, 0, 0, 0, 0),
('442000198308091288', '黄丽珊', 10, 0, 0, 10, 0, 0, 0, 0, 0),
('442000198308105205', '伍泳霞', 10, 0, 0, 10, 0, 0, 0, 0, 0),
('442000198308276602', '杨钰', 10, 0, 0, 10, 0, 0, 0, 0, 0),
('442000198309064628', '杨群芳', 10, 0, 0, 10, 0, 0, 0, 0, 0),
('442000198309260637', '叶家贤', 10, 0, 0, 10, 0, 0, 0, 0, 0),
('442000198310027357', '郭润球', 5, 0, 0, 5, 0, 0, 0, 0, 0),
('442000198311104086', '黄嘉宝', 10, 0, 0, 10, 0, 0, 0, 0, 0),
('442000198312106198', '冯锦洪', 5, 0, 0, 5, 0, 0, 0, 0, 0),
('442000198312143802', '吴翠峰', 10, 0, 0, 10, 0, 0, 0, 0, 0),
('442000198312260531', '李毅欣', 10, 0, 0, 10, 0, 0, 0, 0, 0),
('442000198401070860', '黄斯杭', 10, 0, 0, 10, 0, 0, 0, 0, 0),
('442000198403063314', '郭均宇', 10, 0, 0, 10, 0, 0, 0, 0, 0),
('442000198405186617', '阮霭行', 10, 0, 0, 10, 0, 0, 0, 0, 0),
('442000198406120636', '吴汉良', 10, 0, 0, 10, 0, 0, 0, 0, 0),
('442000198407016611', '杨永贤', 10, 0, 0, 10, 0, 0, 0, 0, 0),
('442000198407200945', '吴彩燕', 10, 0, 0, 10, 0, 0, 0, 0, 0),
('44200019840730092x', '吴凤群', 10, 0, 0, 10, 0, 0, 0, 0, 0),
('44200019840804661X', '刘力平', 5, 0, 0, 5, 0, 0, 0, 0, 0),
('442000198409230013', '胡梓煜', 5, 0, 0, 5, 0, 0, 0, 0, 0),
('442000198412288152', '陈炜壕', 10, 0, 0, 10, 0, 0, 0, 0, 0),
('442000198501037654', '郑永毅', 5, 0, 0, 5, 0, 0, 0, 0, 0),
('442000198501305196', '何湛富', 10, 0, 0, 10, 0, 0, 0, 0, 0),
('442000198502280541', '何迎芝', 5, 0, 0, 5, 0, 0, 0, 0, 0),
('442000198503235734', '欧惠华', 10, 0, 0, 10, 0, 0, 0, 0, 0),
('442000198503244251', '黎炎南', 10, 0, 0, 10, 0, 0, 0, 0, 0),
('442000198505063294', '梁文锷', 5, 0, 0, 5, 0, 0, 0, 0, 0),
('44200019850607733X', '何志荣', 10, 0, 0, 10, 0, 0, 0, 0, 0),
('442000198506132351', '洪伟荣', 5, 0, 0, 5, 0, 0, 0, 0, 0),
('442000198506156628', '刘雅静', 10, 0, 0, 10, 0, 0, 0, 0, 0),
('442000198507091272', '何德鉴', 10, 0, 0, 10, 0, 0, 0, 0, 0),
('442000198508052339', '孙沛强', 5, 0, 0, 5, 0, 0, 0, 0, 0),
('442000198508191582', '林惠颜', 10, 0, 0, 10, 0, 0, 0, 0, 0),
('442000198508233828', '梁广华', 5, 0, 0, 5, 0, 0, 0, 0, 0),
('442000198509288407', '黄彦彦', 10, 0, 0, 10, 0, 0, 0, 0, 0),
('442000198510083847', '罗雪云', 10, 0, 0, 10, 0, 0, 0, 0, 0),
('442000198512095198', '侯锡坚', 5, 0, 0, 5, 0, 0, 0, 0, 0),
('442000198601058372', '郭绍炜', 5, 0, 0, 5, 0, 0, 0, 0, 0),
('442000198601071761', '李喜悦', 5, 0, 0, 5, 0, 0, 0, 0, 0),
('442000198601206136', '梁锡标', 10, 0, 0, 10, 0, 0, 0, 0, 0),
('442000198601240860', '黄美斯', 10, 0, 0, 10, 0, 0, 0, 0, 0),
('442000198603012941', '吴兰芬', 10, 0, 0, 10, 0, 0, 0, 0, 0),
('442000198603032942', '蔡凤珠', 10, 0, 0, 10, 0, 0, 0, 0, 0),
('442000198603102584', '梁文清', 10, 0, 0, 10, 0, 0, 0, 0, 0),
('442000198603105451', '何舜杨', 10, 0, 0, 10, 0, 0, 0, 0, 0),
('442000198604026122', '吴建华', 5, 0, 0, 5, 0, 0, 0, 0, 0),
('442000198605310918', '邓建文', 5, 0, 0, 5, 0, 0, 0, 0, 0),
('44200019860623710X', '林青霞', 10, 0, 0, 10, 0, 0, 0, 0, 0),
('442000198607040018', '潘钧廷', 5, 0, 0, 5, 0, 0, 0, 0, 0),
('44200019860724765X', '何贵湖', 5, 0, 0, 5, 0, 0, 0, 0, 0),
('442000198607277162', '梁斯敏', 10, 0, 0, 10, 0, 0, 0, 0, 0),
('442000198608030954', '潘惠荣', 5, 0, 0, 5, 0, 0, 0, 0, 0),
('442000198609027183', '梁培瑜', 10, 0, 0, 10, 0, 0, 0, 0, 0),
('442000198609192592', '冯景华', 5, 0, 0, 5, 0, 0, 0, 0, 0),
('442000198609220944', '周燕环', 10, 0, 0, 10, 0, 0, 0, 0, 0),
('44200019861002545X', '罗炽恩', 5, 0, 0, 5, 0, 0, 0, 0, 0),
('442000198610064694', '黎邢', 10, 0, 0, 10, 0, 0, 0, 0, 0),
('44200019861008576X', '吕凤英', 10, 0, 0, 10, 0, 0, 0, 0, 0),
('442000198611014066', '梁暖霞', 5, 0, 0, 5, 0, 0, 0, 0, 0),
('442000198611022816', '黄志良', 5, 0, 0, 5, 0, 0, 0, 0, 0),
('442000198611204652', '邓煌华', 5, 0, 0, 5, 0, 0, 0, 0, 0),
('442000198611276429', '李泳珊', 5, 0, 0, 5, 0, 0, 0, 0, 0),
('442000198611308849', '陈冰仪', 10, 0, 0, 10, 0, 0, 0, 0, 0),
('442000198612070940', '吴小群', 5, 0, 0, 5, 0, 0, 0, 0, 0),
('442000198612127660', '秦家燕', 5, 0, 0, 5, 0, 0, 0, 0, 0),
('442000198701060023', '黄敏华', 10, 0, 0, 10, 0, 0, 0, 0, 0),
('44200019870128086x', '黄婉红', 10, 0, 0, 10, 0, 0, 0, 0, 0),
('442000198701310715', '蔡志成', 5, 0, 0, 5, 0, 0, 0, 0, 0),
('442000198702160026', '陈凯芝', 5, 0, 0, 5, 0, 0, 0, 0, 0),
('44200019870227383X', '周镇辉', 5, 0, 0, 5, 0, 0, 0, 0, 0),
('442000198703050021', '郑碧莹', 5, 0, 0, 5, 0, 0, 0, 0, 0),
('442000198703070014', '高俊坚', 5, 0, 0, 5, 0, 0, 0, 0, 0),
('442000198703285314', '梁志辉', 5, 0, 0, 5, 0, 0, 0, 0, 0),
('442000198704101302', '郑淑敏', 5, 0, 0, 5, 0, 0, 0, 0, 0),
('442000198704103295', '梁文锐', 5, 0, 0, 5, 0, 0, 0, 0, 0),
('442000198705265229', '张文君', 5, 0, 0, 5, 0, 0, 0, 0, 0),
('442000198706268405', '欧倩欣', 5, 0, 0, 5, 0, 0, 0, 0, 0),
('44200019870629884X', '刘倩红', 5, 0, 0, 5, 0, 0, 0, 0, 0),
('442000198707162055', '关友亮', 5, 0, 0, 5, 0, 0, 0, 0, 0),
('442000198707207364', '苏燕玲', 5, 0, 0, 5, 0, 0, 0, 0, 0),
('442000198709112406', '陈凤娟', 5, 0, 0, 5, 0, 0, 0, 0, 0),
('442000198709220052', '高松浩', 5, 0, 0, 5, 0, 0, 0, 0, 0),
('442000198710137387', '郭晓珊', 5, 0, 0, 5, 0, 0, 0, 0, 0),
('442000198710154259', '霍均昌', 5, 0, 0, 5, 0, 0, 0, 0, 0),
('442000198710194293', '何锐锋', 5, 0, 0, 5, 0, 0, 0, 0, 0),
('442000198710214637', '麦文钊', 5, 0, 0, 5, 0, 0, 0, 0, 0),
('442000198711194025', '梁少婷', 5, 0, 0, 5, 0, 0, 0, 0, 0),
('442000198711304239', '黎冠祥', 5, 0, 0, 5, 0, 0, 0, 0, 0),
('442000198712065700', '区燕婷', 10, 0, 0, 10, 0, 0, 0, 0, 0),
('442000198712195724', '甘绮雯', 5, 0, 0, 5, 0, 0, 0, 0, 0),
('44200019880111085X', '阮海宏', 5, 0, 0, 5, 0, 0, 0, 0, 0),
('442000198801212960', '梁艳文', 10, 0, 0, 10, 0, 0, 0, 0, 0),
('442000198802086601', '阮绮珊', 5, 0, 0, 5, 0, 0, 0, 0, 0),
('442000198802253289', '王绮琪', 5, 0, 0, 5, 0, 0, 0, 0, 0),
('442000198803312607', '张泳茵', 5, 0, 0, 5, 0, 0, 0, 0, 0),
('442000198804047956', '李鸿辉', 5, 0, 0, 5, 0, 0, 0, 0, 0),
('442000198805078922', '梁淑萍', 5, 0, 0, 5, 0, 0, 0, 0, 0),
('442000198806060927', '梁嘉欣', 5, 0, 0, 5, 0, 0, 0, 0, 0),
('442000198806085702', '谭世聪', 5, 0, 0, 5, 0, 0, 0, 0, 0),
('44200019880613296X', '周敏敏', 10, 0, 0, 10, 0, 0, 0, 0, 0),
('442000198806295611', '刘洪标', 5, 0, 0, 5, 0, 0, 0, 0, 0),
('442000198807042798', '潘国樑', 5, 0, 0, 5, 0, 0, 0, 0, 0),
('442000198807163290', '梁豪杰', 5, 0, 0, 5, 0, 0, 0, 0, 0),
('442000198807234247', '吴倩文', 5, 0, 0, 5, 0, 0, 0, 0, 0),
('442000198807278389', '杨燕敏', 5, 0, 0, 5, 0, 0, 0, 0, 0),
('442000198807280542', '刘嘉露', 5, 0, 0, 5, 0, 0, 0, 0, 0),
('442000198807305703', '卢沛玲', 5, 0, 0, 5, 0, 0, 0, 0, 0),
('442000198808044242', '梁笑新', 5, 0, 0, 5, 0, 0, 0, 0, 0),
('442000198808270047', '郑丽莹', 5, 0, 0, 5, 0, 0, 0, 0, 0),
('442000198809087340', '罗敏仪', 5, 0, 0, 5, 0, 0, 0, 0, 0),
('442000198809223293', '梁嘉辉', 5, 0, 0, 5, 0, 0, 0, 0, 0),
('44200019881010614X', '吴银婵', 5, 0, 0, 5, 0, 0, 0, 0, 0),
('442000198810170539', '杨文杰', 5, 0, 0, 5, 0, 0, 0, 0, 0),
('44200019881031423X', '黄荣华', 5, 0, 0, 5, 0, 0, 0, 0, 0),
('442000198811080869', '梅雯珊', 5, 0, 0, 5, 0, 0, 0, 0, 0),
('442000198811180421', '郑敏炫', 5, 0, 0, 5, 0, 0, 0, 0, 0),
('442000198812164634', '孙锦荣', 5, 0, 0, 5, 0, 0, 0, 0, 0),
('442000198812222347', '阮雪婷', 5, 0, 0, 5, 0, 0, 0, 0, 0),
('44200019881222422X', '钟莹珊', 5, 0, 0, 5, 0, 0, 0, 0, 0),
('442000198901316601', '蔡增祺', 5, 0, 0, 5, 0, 0, 0, 0, 0),
('442000198902073840', '林颖丽', 5, 0, 0, 5, 0, 0, 0, 0, 0),
('442000198902244240', '李紫君', 5, 0, 0, 5, 0, 0, 0, 0, 0),
('442000198903050712', '游家滔', 5, 0, 0, 5, 0, 0, 0, 0, 0),
('442000198904074054', '欧进豪', 5, 0, 0, 5, 0, 0, 0, 0, 0),
('442000198904267665', '黄嘉欣', 5, 0, 0, 5, 0, 0, 0, 0, 0),
('442000198905048376', '胡筱航', 0, 0, 0, 0, 0, 0, 0, 0, 0),
('442000198905105764', '吕凤萍', 5, 0, 0, 5, 0, 0, 0, 0, 0),
('442000198905122943', '吴霜娴', 10, 0, 0, 10, 0, 0, 0, 0, 0),
('442000198906144044', '林加玲', 10, 0, 0, 10, 0, 0, 0, 0, 0),
('442000198906186105', '黄惠连', 5, 0, 0, 5, 0, 0, 0, 0, 0),
('442000198906215519', '李嘉瀛', 5, 0, 0, 5, 0, 0, 0, 0, 0),
('442000198907134040', '梁凤娟', 5, 0, 0, 5, 0, 0, 0, 0, 0),
('442000198907234236', '岑冠开', 5, 0, 0, 5, 0, 0, 0, 0, 0),
('442000198908033794', '李池海', 5, 0, 0, 5, 0, 0, 0, 0, 0),
('442000198908072611', '张嘉明', 5, 0, 0, 5, 0, 0, 0, 0, 0),
('442000198908210041', '李深森', 5, 0, 0, 5, 0, 0, 0, 0, 0),
('44200019890827570X', '邓佩怡', 5, 0, 0, 5, 0, 0, 0, 0, 0),
('44200019890915095X', '欧沛泉', 0, 0, 0, 0, 0, 0, 0, 0, 0),
('442000198909155208', '朱绮雯', 5, 0, 0, 5, 0, 0, 0, 0, 0),
('442000198909205631', '卢云杰', 5, 0, 0, 5, 0, 0, 0, 0, 0),
('442000198910040918', '陈俊杰', 5, 0, 0, 5, 0, 0, 0, 0, 0),
('44200019891010263X', '梁华坤', 5, 0, 0, 5, 0, 0, 0, 0, 0),
('442000198910107158', '郭文福', 5, 0, 0, 5, 0, 0, 0, 0, 0),
('442000198910125700', '苏旺娣', 5, 0, 0, 5, 0, 0, 0, 0, 0),
('442000198910200862', '黄斯慧', 5, 0, 0, 5, 0, 0, 0, 0, 0),
('442000198911038406', '谭嘉慧', 5, 0, 0, 5, 0, 0, 0, 0, 0),
('442000198912102369', '吴泳怡', 5, 0, 0, 5, 0, 0, 0, 0, 0),
('44200019891211233X', '郑冠能', 5, 0, 0, 5, 0, 0, 0, 0, 0),
('442000198912196617', '黄瑞权', 5, 0, 0, 5, 0, 0, 0, 0, 0),
('442000198912263293', '苏显程', 5, 0, 0, 5, 0, 0, 0, 0, 0),
('442000198912310854', '黄顺安', 5, 0, 0, 5, 0, 0, 0, 0, 0),
('442000199002090949', '高慧芬', 10, 0, 0, 10, 0, 0, 0, 0, 0),
('442000199002105610', '罗杰洪', 5, 0, 0, 5, 0, 0, 0, 0, 0),
('442000199002284233', '李海文', 5, 0, 0, 5, 0, 0, 0, 0, 0),
('442000199003066633', '李国纶', 5, 0, 0, 5, 0, 0, 0, 0, 0),
('442000199003076647', '胡颖莉', 5, 0, 0, 5, 0, 0, 0, 0, 0),
('442000199003317105', '黎倚琴', 5, 0, 0, 5, 0, 0, 0, 0, 0),
('442000199004037340', '黄杏凤', 5, 0, 0, 5, 0, 0, 0, 0, 0),
('44200019900404126X', '余倩莹', 5, 0, 0, 5, 0, 0, 0, 0, 0),
('44200019900426130X', '黄晓嫣', 5, 0, 0, 5, 0, 0, 0, 0, 0),
('442000199006296151', '梁浩康', 5, 0, 0, 5, 0, 0, 0, 0, 0),
('442000199007027164', '关润兴', 5, 0, 0, 5, 0, 0, 0, 0, 0),
('442000199007110910', '郭建华', 5, 0, 0, 5, 0, 0, 0, 0, 0),
('442000199008014656', '梁树成', 5, 0, 0, 5, 0, 0, 0, 0, 0),
('442000199008114024', '梁嘉红', 5, 0, 0, 5, 0, 0, 0, 0, 0),
('442000199008281260', '梁丽婵', 5, 0, 0, 5, 0, 0, 0, 0, 0),
('442000199008296120', '梁杏恩', 5, 0, 0, 5, 0, 0, 0, 0, 0),
('442000199009055329', '梁丽芳', 5, 0, 0, 5, 0, 0, 0, 0, 0),
('442000199009195313', '唐垣辉', 5, 0, 0, 5, 0, 0, 0, 0, 0),
('442000199011046624', '徐敏玲', 5, 0, 0, 5, 0, 0, 0, 0, 0),
('442000199011235310', '麦智伟', 5, 0, 0, 5, 0, 0, 0, 0, 0),
('442000199012040865', '梁莉', 5, 0, 0, 5, 0, 0, 0, 0, 0),
('442000199012276616', '郑举亮', 5, 0, 0, 5, 0, 0, 0, 0, 0),
('442000199101064076', '何就全', 5, 0, 0, 5, 0, 0, 0, 0, 0),
('442000199101146119', '黄伟浩', 5, 0, 0, 5, 0, 0, 0, 0, 0),
('442000199101302580', '张梅珊', 5, 0, 0, 5, 0, 0, 0, 0, 0),
('442000199102015452', '曾浚', 5, 0, 0, 5, 0, 0, 0, 0, 0),
('442000199102095720', '蔡连弟', 5, 0, 0, 5, 0, 0, 0, 0, 0),
('442000199102254234', '张建帮', 5, 0, 0, 5, 0, 0, 0, 0, 0),
('44200019910226765X', '黄伟俊', 5, 0, 0, 5, 0, 0, 0, 0, 0),
('442000199103074032', '何文枝', 5, 0, 0, 5, 0, 0, 0, 0, 0),
('442000199104210921', '陈家敏', 5, 0, 0, 5, 0, 0, 0, 0, 0),
('44200019910502766X', '肖泳沙', 5, 0, 0, 5, 0, 0, 0, 0, 0),
('442000199105236162', '周洁仪', 5, 0, 0, 5, 0, 0, 0, 0, 0),
('442000199106062096', '谭家成', 5, 0, 0, 5, 0, 0, 0, 0, 0),
('442000199106075292', '周荣强', 5, 0, 0, 5, 0, 0, 0, 0, 0),
('442000199106107653', '关卓钧', 5, 0, 0, 5, 0, 0, 0, 0, 0),
('442000199107074072', '陈剑斌', 5, 0, 0, 5, 0, 0, 0, 0, 0),
('442000199107160915', '梁添武', 5, 0, 0, 5, 0, 0, 0, 0, 0),
('44200019910823092X', '梁施敏', 5, 0, 0, 5, 0, 0, 0, 0, 0),
('44200019910824001X', '郑智斌', 5, 0, 0, 5, 0, 0, 0, 0, 0),
('442000199108270534', '刘子健', 5, 0, 0, 5, 0, 0, 0, 0, 0),
('442000199109027341', '高健怡', 5, 0, 0, 5, 0, 0, 0, 0, 0),
('44200019910907552X', '甘丽雯', 5, 0, 0, 5, 0, 0, 0, 0, 0),
('442000199109106656', '杨永明', 5, 0, 0, 5, 0, 0, 0, 0, 0),
('442000199109286116', '罗松辉', 5, 0, 0, 5, 0, 0, 0, 0, 0),
('442000199110012948', '梁雪敏', 5, 0, 0, 5, 0, 0, 0, 0, 0),
('442000199110015778', '袁俊智', 5, 0, 0, 5, 0, 0, 0, 0, 0),
('442000199110050530', '李林', 5, 0, 0, 5, 0, 0, 0, 0, 0),
('442000199110054224', '张晓林', 5, 0, 0, 5, 0, 0, 0, 0, 0),
('442000199110176635', '杨梯伦', 5, 0, 0, 5, 0, 0, 0, 0, 0),
('442000199111205725', '袁泳燕', 5, 0, 0, 5, 0, 0, 0, 0, 0),
('442000199112028919', '林嘉伟', 5, 0, 0, 5, 0, 0, 0, 0, 0),
('44200019911217529X', '欧志鹏', 5, 0, 0, 5, 0, 0, 0, 0, 0),
('442000199112175708', '苏楚雯', 5, 0, 0, 5, 0, 0, 0, 0, 0),
('442000199112223802', '罗智贤', 5, 0, 0, 5, 0, 0, 0, 0, 0),
('442000199201032944', '吴志恩', 5, 0, 0, 5, 0, 0, 0, 0, 0),
('442000199201182942', '颜美良', 5, 0, 0, 5, 0, 0, 0, 0, 0),
('442000199201214078', '卢国强', 5, 0, 0, 5, 0, 0, 0, 0, 0),
('442000199202023804', '黄淑敏', 5, 0, 0, 5, 0, 0, 0, 0, 0),
('442000199202040858', '梅建荣', 5, 0, 0, 5, 0, 0, 0, 0, 0),
('442000199202068391', '郭俊杰', 5, 0, 0, 5, 0, 0, 0, 0, 0),
('442000199202140920', '郑美婷', 5, 0, 0, 5, 0, 0, 0, 0, 0),
('442000199203177354', '冯振聪', 5, 0, 0, 5, 0, 0, 0, 0, 0),
('442000199203196635', '阮志恒', 5, 0, 0, 5, 0, 0, 0, 0, 0),
('442000199204182956', '苏冠祥', 5, 0, 0, 5, 0, 0, 0, 0, 0),
('442000199204216634', '王永平', 5, 0, 0, 5, 0, 0, 0, 0, 0),
('442000199205020211', '李灿恒', 5, 0, 0, 5, 0, 0, 0, 0, 0),
('442000199205098385', '黄佩欣', 5, 0, 0, 5, 0, 0, 0, 0, 0),
('442000199205120554', '黄家杰', 5, 0, 0, 5, 0, 0, 0, 0, 0),
('442000199206206114', '梁朝伟', 5, 0, 0, 5, 0, 0, 0, 0, 0),
('442000199206296615', '林柏健', 5, 0, 0, 5, 0, 0, 0, 0, 0),
('442000199207071012', '陈家辉', 5, 0, 0, 5, 0, 0, 0, 0, 0),
('442000199207122801', '高佩珊', 5, 0, 0, 5, 0, 0, 0, 0, 0),
('442000199207216103', '梁培芬', 5, 0, 0, 5, 0, 0, 0, 0, 0),
('442000199208220972', '冯嘉荣', 5, 0, 0, 5, 0, 0, 0, 0, 0),
('44200019920823838X', '陈美群', 5, 0, 0, 5, 0, 0, 0, 0, 0),
('442000199208270961', '郭静雯', 5, 0, 0, 5, 0, 0, 0, 0, 0),
('442000199208301262', '梁淑清', 5, 0, 0, 5, 0, 0, 0, 0, 0),
('442000199209045192', '吴民安', 5, 0, 0, 5, 0, 0, 0, 0, 0),
('442000199210021278', '容锦培', 5, 0, 0, 5, 0, 0, 0, 0, 0),
('442000199210120911', '梁裕明', 5, 0, 0, 5, 0, 0, 0, 0, 0),
('442000199210127179', '黄汝荣', 5, 0, 0, 5, 0, 0, 0, 0, 0),
('442000199210257168', '关嘉伟', 5, 0, 0, 5, 0, 0, 0, 0, 0),
('442000199211053802', '关海利', 5, 0, 0, 5, 0, 0, 0, 0, 0),
('442000199211118928', '陈秋彦', 5, 0, 0, 5, 0, 0, 0, 0, 0),
('442000199211120315', '萧健煜', 5, 0, 0, 5, 0, 0, 0, 0, 0),
('442000199211251606', '黄紫红', 5, 0, 0, 5, 0, 0, 0, 0, 0),
('442000199211274250', '高健祥', 5, 0, 0, 5, 0, 0, 0, 0, 0),
('442000199301216425', '余绮娜', 5, 0, 0, 5, 0, 0, 0, 0, 0),
('442000199301306631', '刘志凯', 5, 0, 0, 5, 0, 0, 0, 0, 0),
('442000199302020643', '张佩珊', 5, 0, 0, 5, 0, 0, 0, 0, 0),
('442000199302100969', '卢观婵', 5, 0, 0, 5, 0, 0, 0, 0, 0),
('442000199303072955', '谈其伟', 0, 0, 0, 0, 0, 0, 0, 0, 0),
('442000199303244032', '霍智森', 5, 0, 0, 5, 0, 0, 0, 0, 0),
('442000199305131584', '刘洁珊', 5, 0, 0, 5, 0, 0, 0, 0, 0),
('442000199306212618', '郭景明', 5, 0, 0, 5, 0, 0, 0, 0, 0),
('442000199306257357', '邓华坤', 5, 0, 0, 5, 0, 0, 0, 0, 0),
('442000199307151271', '林佳诚', 5, 0, 0, 5, 0, 0, 0, 0, 0),
('442000199308030914', '梁嘉荣', 5, 0, 0, 5, 0, 0, 0, 0, 0),
('442000199309105498', '梁永鸿', 5, 0, 0, 5, 0, 0, 0, 0, 0),
('442000199309272341', '连浩文', 5, 0, 0, 5, 0, 0, 0, 0, 0),
('442000199311103299', '冯健强', 0, 0, 0, 0, 0, 0, 0, 0, 0),
('442000199311195752', '邓俊华', 5, 0, 0, 5, 0, 0, 0, 0, 0),
('442000199311232795', '覃超杰', 5, 0, 0, 5, 0, 0, 0, 0, 0),
('442000199312090047', '黄文锶', 5, 0, 0, 5, 0, 0, 0, 0, 0),
('442000199312097345', '刘宝燕', 5, 0, 0, 5, 0, 0, 0, 0, 0),
('442000199402203797', '陈嘉伟', 5, 0, 0, 5, 0, 0, 0, 0, 0),
('442000199407274295', '李文昌', 5, 0, 0, 5, 0, 0, 0, 0, 0),
('442000199407311279', '林嘉俊', 5, 0, 0, 5, 0, 0, 0, 0, 0),
('442000199408232038', '陈健强', 5, 0, 0, 5, 0, 0, 0, 0, 0),
('44200019940918615X', '麦俊杰', 5, 0, 0, 5, 0, 0, 0, 0, 0),
('442000199409236145', '吴芷晴', 5, 0, 0, 5, 0, 0, 0, 0, 0),
('442000199410032991', '霍星强', 5, 0, 0, 5, 0, 0, 0, 0, 0),
('442000199411162333', '文进', 5, 0, 0, 5, 0, 0, 0, 0, 0),
('442000199412318379', '容凡飞', 5, 0, 0, 5, 0, 0, 0, 0, 0),
('442000199511235202', '李键欣', 5, 0, 0, 5, 0, 0, 0, 0, 0),
('442000199610160648', '黄雅颖', 0, 0, 0, 0, 0, 0, 0, 0, 0),
('44250119660316451X', '陈俊光', 10, 0, 0, 10, 0, 0, 0, 0, 0),
('445102198705121410', '翁晓宣', 5, 0, 0, 5, 0, 0, 0, 0, 0),
('445102198705231417', '邱泽楷', 5, 0, 0, 5, 0, 0, 0, 0, 0),
('445102198801091418', '吴锐颖', 5, 0, 0, 5, 0, 0, 0, 0, 0),
('445102198811016315', '张锷河', 5, 0, 0, 5, 0, 0, 0, 0, 0),
('445102198912021711', '余晓聪', 5, 0, 0, 5, 0, 0, 0, 0, 0),
('445102199003116363', '宋岱', 5, 0, 0, 5, 0, 0, 0, 0, 0),
('445102199307101443', '王洁雯', 5, 0, 0, 5, 0, 0, 0, 0, 0),
('445121198512123152', '曾浩彬', 5, 0, 0, 5, 0, 0, 0, 0, 0),
('445121198802145931', '刘坤荣', 5, 0, 0, 5, 0, 0, 0, 0, 0),
('445121198808014529', '陈素珍', 5, 0, 0, 5, 0, 0, 0, 0, 0),
('445121199010015631', '黄楚标', 5, 0, 0, 5, 0, 0, 0, 0, 0),
('44512119970604561X', '刘立湘', 5, 0, 0, 5, 0, 0, 0, 0, 0),
('445122197605025019', '杨贞元', 10, 0, 0, 10, 0, 0, 0, 0, 0),
('445122197910224129', '罗少清', 10, 0, 0, 10, 0, 0, 0, 0, 0),
('445122198105130642', '詹惠娟', 10, 0, 0, 10, 0, 0, 0, 0, 0),
('445122198108187433', '张培雄', 10, 0, 0, 10, 0, 0, 0, 0, 0),
('44512219820129003X', '陈旭煌', 5, 0, 0, 5, 0, 0, 0, 0, 0),
('445122198211040026', '郑晓芬', 10, 0, 0, 10, 0, 0, 0, 0, 0),
('445122198211257057', '张逸', 10, 0, 0, 10, 0, 0, 0, 0, 0),
('445122198304050135', '余钊辉', 10, 0, 0, 10, 0, 0, 0, 0, 0),
('445122198305170024', '谢梅钰', 10, 0, 0, 10, 0, 0, 0, 0, 0),
('445122198707235249', '陈晓娜', 5, 0, 0, 5, 0, 0, 0, 0, 0),
('445122198806210610', '詹日昌', 5, 0, 0, 5, 0, 0, 0, 0, 0),
('445122198908205441', '汤妙娜', 5, 0, 0, 5, 0, 0, 0, 0, 0),
('445122198912023245', '黄海霞', 5, 0, 0, 5, 0, 0, 0, 0, 0),
('445122199109300623', '詹晓迪', 5, 0, 0, 5, 0, 0, 0, 0, 0),
('445122199111045449', '李加欣', 5, 0, 0, 5, 0, 0, 0, 0, 0),
('445122199302220625', '张淑婷', 5, 0, 0, 5, 0, 0, 0, 0, 0),
('44512219940607743X', '张滔', 5, 0, 0, 5, 0, 0, 0, 0, 0),
('445202198903130321', '林起凤', 5, 0, 0, 5, 0, 0, 0, 0, 0),
('44520219930326032X', '林虹', 5, 0, 0, 5, 0, 0, 0, 0, 0),
('445221198207071945', '陈剑云', 10, 0, 0, 10, 0, 0, 0, 0, 0),
('445221198310191945', '吴雪娥', 5, 0, 0, 5, 0, 0, 0, 0, 0),
('44522119850906621X', '李伟杰', 5, 0, 0, 5, 0, 0, 0, 0, 0),
('445221198702135619', '吴永铭', 5, 0, 0, 5, 0, 0, 0, 0, 0),
('445221198805246223', '李洁芳', 5, 0, 0, 5, 0, 0, 0, 0, 0),
('445221198912246210', '李焕深', 5, 0, 0, 5, 0, 0, 0, 0, 0),
('445221199206281961', '陈晓纯', 5, 0, 0, 5, 0, 0, 0, 0, 0),
('445222198307060334', '许彦斌', 5, 0, 0, 5, 0, 0, 0, 0, 0),
('445224198201060929', '施莲香', 5, 0, 0, 5, 0, 0, 0, 0, 0),
('445224198603130635', '黄利群', 10, 0, 0, 10, 0, 0, 0, 0, 0),
('445224198810080378', '柯传贤', 5, 0, 0, 5, 0, 0, 0, 0, 0),
('445224198909053951', '陈镇基', 5, 0, 0, 5, 0, 0, 0, 0, 0),
('445224199310161846', '戎琳', 5, 0, 0, 5, 0, 0, 0, 0, 0),
('445281197801266720', '方敏', 10, 0, 0, 10, 0, 0, 0, 0, 0),
('445281198903090046', '陈蔼婷', 5, 0, 0, 5, 0, 0, 0, 0, 0),
('445281198911041949', '陈晓娜B', 5, 0, 0, 5, 0, 0, 0, 0, 0),
('445281199001055940', '江雪玉', 10, 0, 0, 10, 0, 0, 0, 0, 0),
('445281199107150057', '宋文炜', 5, 0, 0, 5, 0, 0, 0, 0, 0),
('445302199104212726', '钱月玲', 5, 0, 0, 5, 0, 0, 0, 0, 0),
('445321198809183755', '梁剑聪', 5, 0, 0, 5, 0, 0, 0, 0, 0),
('445321198811270321', '黎绮敏', 5, 0, 0, 5, 0, 0, 0, 0, 0),
('445321199007252522', '梁文丽', 5, 0, 0, 5, 0, 0, 0, 0, 0),
('445321199101252537', '吴钟明', 5, 0, 0, 5, 0, 0, 0, 0, 0),
('44532119921207311X', '李家明', 5, 0, 0, 5, 0, 0, 0, 0, 0),
('44532219890704072X', '聂水群', 5, 0, 0, 5, 0, 0, 0, 0, 0),
('445323199201202118', '林伙进', 5, 0, 0, 5, 0, 0, 0, 0, 0),
('445381198709146910', '盘发雄', 5, 0, 0, 5, 0, 0, 0, 0, 0),
('445381199103203911', '黄永健', 5, 0, 0, 5, 0, 0, 0, 0, 0),
('445381199305085423', '李志玲', 5, 0, 0, 5, 0, 0, 0, 0, 0),
('450322197310096512', '赵宇', 0, 0, 0, 0, 0, 0, 0, 0, 0),
('450403197603291844', '林志君', 10, 0, 0, 10, 0, 0, 0, 0, 0),
('450404199003120326', '刘璐', 5, 0, 0, 5, 0, 0, 0, 0, 0),
('450422198909170256', '黄彬家', 5, 0, 0, 5, 0, 0, 0, 0, 0),
('450481199212050427', '吴小兰', 5, 0, 0, 5, 0, 0, 0, 0, 0),
('450821198012102617', '林籽宇', 5, 0, 0, 5, 0, 0, 0, 0, 0),
('450821199203233622', '唐榕玫', 5, 0, 0, 5, 0, 0, 0, 0, 0),
('450821199304082560', '严燕媚', 5, 0, 0, 5, 0, 0, 0, 0, 0),
('450881198810153538', '张德强', 5, 0, 0, 5, 0, 0, 0, 0, 0),
('452128197604212012', '覃弟安', 10, 0, 0, 10, 0, 0, 0, 0, 0),
('452228197807300034', '温科锋', 10, 0, 0, 10, 0, 0, 0, 0, 0),
('452502198912155876', '黄世吉', 5, 0, 0, 5, 0, 0, 0, 0, 0),
('452523198107025624', '覃旭凤', 10, 0, 0, 10, 0, 0, 0, 0, 0),
('460002198610182513', '吴志晓', 5, 0, 0, 5, 0, 0, 0, 0, 0),
('46000319800102062X', '叶海霞', 10, 0, 0, 10, 0, 0, 0, 0, 0),
('460028196211080012', '钟继军', 10, 0, 0, 10, 0, 0, 0, 0, 0),
('460103199310180010', '封岳滨', 5, 0, 0, 5, 0, 0, 0, 0, 0),
('469028199004062155', '林明亭', 5, 0, 0, 5, 0, 0, 0, 0, 0),
('510214197303183029', '余霞', 10, 0, 0, 10, 0, 0, 0, 0, 0),
('510214198009221770', '刘甫琴', 10, 0, 0, 10, 0, 0, 0, 0, 0),
('510224197911190049', '徐梅', 10, 0, 0, 10, 0, 0, 0, 0, 0);
INSERT INTO `plan` (`user_id`, `name`, `Thisyear`, `Lastyear`, `Bonus`, `Totalday`, `firstquater`, `secondquater`, `thirdquater`, `fourthquater`, `submit_tag`) VALUES
('510231197407033312', '陈启健', 15, 0, 0, 15, 0, 0, 0, 0, 0),
('510525198307252773', '胡兵', 5, 0, 0, 5, 0, 0, 0, 0, 0),
('510824198101072670', '喻晓明', 10, 0, 0, 10, 0, 0, 0, 0, 0),
('511011197209137633', '钟朝才', 5, 0, 0, 5, 0, 0, 0, 0, 0),
('511022197704297051', '刘启平', 10, 0, 0, 10, 0, 0, 0, 0, 0),
('511024198505185214', '刘红', 5, 0, 0, 5, 0, 0, 0, 0, 0),
('511121197902287531', '唐勇胜', 10, 0, 0, 10, 0, 0, 0, 0, 0),
('511123198311275018', '周国彬', 5, 0, 0, 5, 0, 0, 0, 0, 0),
('513021197611297672', '陈古勇', 10, 0, 0, 10, 0, 0, 0, 0, 0),
('513023197110073016', '廖岚', 15, 0, 0, 15, 0, 0, 0, 0, 0),
('51340119760320062X', '卢艳', 10, 0, 0, 10, 0, 0, 0, 0, 0),
('520181198812113329', '陈燕娥', 5, 0, 0, 5, 0, 0, 0, 0, 0),
('522401199212280175', '张小斌', 5, 0, 0, 5, 0, 0, 0, 0, 0),
('522701197708115314', '周洪波', 10, 0, 0, 10, 0, 0, 0, 0, 0),
('532501197007310628', '余敏', 15, 0, 0, 15, 0, 0, 0, 0, 0),
('610426197907280911', '师宝康', 10, 0, 0, 10, 0, 0, 0, 0, 0),
('610426198308083021', '赵凡', 5, 0, 0, 5, 0, 0, 0, 0, 0),
('610524197709144014', '王亚军', 10, 0, 0, 10, 0, 0, 0, 0, 0),
('61052419891116681X', '段亚军', 5, 0, 0, 5, 0, 0, 0, 0, 0),
('612424199002280018', '李臻', 5, 0, 0, 5, 0, 0, 0, 0, 0),
('62010219850414181X', '汪潇', 5, 0, 0, 5, 0, 0, 0, 0, 0),
('622727199202283544', '陈玉泉', 0, 0, 0, 0, 0, 0, 0, 0, 0),
('630102197202140421', '马毅梅', 15, 0, 0, 15, 0, 0, 0, 0, 0),
('632223199110030039', '侯健邦', 5, 0, 0, 5, 0, 0, 0, 0, 0),
('642124197812251737', '刘学生', 10, 0, 0, 10, 0, 0, 0, 0, 0);

-- --------------------------------------------------------

--
-- 表的结构 `users`
--

CREATE TABLE `users` (
  `user_id` varchar(20) NOT NULL COMMENT '身份证号',
  `username` varchar(255) NOT NULL COMMENT '姓名',
  `password` varchar(255) NOT NULL COMMENT '密码',
  `permission` int(11) NOT NULL COMMENT '0是超级管理员，1是领导，2是综合管理，3是员工'
) ENGINE=InnoDB DEFAULT CHARSET=utf8;

--
-- 转存表中的数据 `users`
--

INSERT INTO `users` (`user_id`, `username`, `password`, `permission`) VALUES
('320121199108012920', '丁文美', 'adab7b701f23bb82014c8506d3dc784e', 3),
('43072119861207311X', '万佳友', 'adab7b701f23bb82014c8506d3dc784e', 3),
('421302198908194242', '万倩', 'adab7b701f23bb82014c8506d3dc784e', 3),
('44042119971103807X', '严开明', 'adab7b701f23bb82014c8506d3dc784e', 3),
('440421199302238089', '严开珍', 'adab7b701f23bb82014c8506d3dc784e', 3),
('440684198705090041', '严敏仪', 'adab7b701f23bb82014c8506d3dc784e', 3),
('441423199308041416', '严权伟', 'adab7b701f23bb82014c8506d3dc784e', 3),
('442000197907192043', '严淑妍', 'adab7b701f23bb82014c8506d3dc784e', 3),
('442000197710012045', '严淑娴', 'adab7b701f23bb82014c8506d3dc784e', 3),
('450821199304082560', '严燕媚', 'adab7b701f23bb82014c8506d3dc784e', 3),
('440902199308190125', '仇亦彤', 'adab7b701f23bb82014c8506d3dc784e', 3),
('42068319861001701X', '任友全', 'adab7b701f23bb82014c8506d3dc784e', 3),
('440981199111034634', '任清华', 'adab7b701f23bb82014c8506d3dc784e', 3),
('442000198308105205', '伍泳霞', 'adab7b701f23bb82014c8506d3dc784e', 3),
('440823199307070072', '伍维聪', 'adab7b701f23bb82014c8506d3dc784e', 3),
('44012619681028274X', '何一璇', 'adab7b701f23bb82014c8506d3dc784e', 3),
('441422198707140015', '何东海', 'adab7b701f23bb82014c8506d3dc784e', 3),
('420982198909096023', '何仙', 'adab7b701f23bb82014c8506d3dc784e', 3),
('44098119890426112X', '何伟珍', 'adab7b701f23bb82014c8506d3dc784e', 3),
('44200019781106838X', '何佩嫦', 'adab7b701f23bb82014c8506d3dc784e', 3),
('442000197412090010', '何健坤', 'adab7b701f23bb82014c8506d3dc784e', 3),
('441226199106012623', '何兵梅', 'adab7b701f23bb82014c8506d3dc784e', 3),
('442000198110170327', '何凤萍', 'adab7b701f23bb82014c8506d3dc784e', 3),
('422801197803021836', '何孝君', 'adab7b701f23bb82014c8506d3dc784e', 3),
('442000196412188152', '何孟云', 'adab7b701f23bb82014c8506d3dc784e', 3),
('442000199101064076', '何就全', 'adab7b701f23bb82014c8506d3dc784e', 3),
('442000198507091272', '何德鉴', 'adab7b701f23bb82014c8506d3dc784e', 3),
('44200019850607733X', '何志荣', 'adab7b701f23bb82014c8506d3dc784e', 3),
('442000198011233687', '何敏芳', 'adab7b701f23bb82014c8506d3dc784e', 3),
('442000199103074032', '何文枝', 'adab7b701f23bb82014c8506d3dc784e', 3),
('360728198311300063', '何易娟', 'adab7b701f23bb82014c8506d3dc784e', 3),
('442000197312280714', '何永生', 'adab7b701f23bb82014c8506d3dc784e', 3),
('44200019820320547X', '何洪章', 'adab7b701f23bb82014c8506d3dc784e', 3),
('442000198501305196', '何湛富', 'adab7b701f23bb82014c8506d3dc784e', 3),
('442000198603105451', '何舜杨', 'adab7b701f23bb82014c8506d3dc784e', 3),
('44200019860724765X', '何贵湖', 'adab7b701f23bb82014c8506d3dc784e', 3),
('442000198502280541', '何迎芝', 'adab7b701f23bb82014c8506d3dc784e', 3),
('442000198710194293', '何锐锋', 'adab7b701f23bb82014c8506d3dc784e', 3),
('44200019900404126X', '余倩莹', 'adab7b701f23bb82014c8506d3dc784e', 3),
('441501198911286074', '余建洲', 'adab7b701f23bb82014c8506d3dc784e', 3),
('532501197007310628', '余敏', 'adab7b701f23bb82014c8506d3dc784e', 3),
('445102198912021711', '余晓聪', 'adab7b701f23bb82014c8506d3dc784e', 3),
('442000197601271267', '余泳欣', 'adab7b701f23bb82014c8506d3dc784e', 3),
('442000197403186117', '余粤宾', 'adab7b701f23bb82014c8506d3dc784e', 3),
('442000199301216425', '余绮娜', 'adab7b701f23bb82014c8506d3dc784e', 3),
('441827199003105121', '余芬', 'adab7b701f23bb82014c8506d3dc784e', 3),
('445122198304050135', '余钊辉', 'adab7b701f23bb82014c8506d3dc784e', 3),
('510214197303183029', '余霞', 'adab7b701f23bb82014c8506d3dc784e', 3),
('632223199110030039', '侯健邦', 'adab7b701f23bb82014c8506d3dc784e', 3),
('442000198512095198', '侯锡坚', 'adab7b701f23bb82014c8506d3dc784e', 3),
('44023319660313003X', '俞雀', 'adab7b701f23bb82014c8506d3dc784e', 3),
('442000199106107653', '关卓钧', 'adab7b701f23bb82014c8506d3dc784e', 3),
('442000198707162055', '关友亮', 'adab7b701f23bb82014c8506d3dc784e', 3),
('442000199210257168', '关嘉伟', 'adab7b701f23bb82014c8506d3dc784e', 3),
('442000199211053802', '关海利', 'adab7b701f23bb82014c8506d3dc784e', 3),
('442000199007027164', '关润兴', 'adab7b701f23bb82014c8506d3dc784e', 3),
('442000199311103299', '冯健强', 'adab7b701f23bb82014c8506d3dc784e', 3),
('442000199208220972', '冯嘉荣', 'adab7b701f23bb82014c8506d3dc784e', 3),
('440921199007233565', '冯天梅', 'adab7b701f23bb82014c8506d3dc784e', 3),
('441721198906282067', '冯德珠', 'adab7b701f23bb82014c8506d3dc784e', 3),
('442000199203177354', '冯振聪', 'adab7b701f23bb82014c8506d3dc784e', 3),
('442000197404260745', '冯春燕', 'adab7b701f23bb82014c8506d3dc784e', 3),
('441621197510054017', '冯晓锋', 'adab7b701f23bb82014c8506d3dc784e', 3),
('442000198609192592', '冯景华', 'adab7b701f23bb82014c8506d3dc784e', 3),
('442000198107058158', '冯汝佳', 'adab7b701f23bb82014c8506d3dc784e', 3),
('440882198111280022', '冯莹莹', 'adab7b701f23bb82014c8506d3dc784e', 3),
('442000198312106198', '冯锦洪', 'adab7b701f23bb82014c8506d3dc784e', 3),
('440603199101193847', '冯雪香', 'adab7b701f23bb82014c8506d3dc784e', 3),
('440681199309040814', '冼嘉亮', 'adab7b701f23bb82014c8506d3dc784e', 3),
('442000197603274234', '凌志康', 'adab7b701f23bb82014c8506d3dc784e', 3),
('44142519770910176X', '刘丽平', 'adab7b701f23bb82014c8506d3dc784e', 3),
('367401197511030323', '刘佩斐', 'adab7b701f23bb82014c8506d3dc784e', 3),
('441521198705154121', '刘佳容', 'adab7b701f23bb82014c8506d3dc784e', 3),
('44200019870629884X', '刘倩红', 'adab7b701f23bb82014c8506d3dc784e', 3),
('44200019840804661X', '刘力平', 'adab7b701f23bb82014c8506d3dc784e', 3),
('511022197704297051', '刘启平', 'adab7b701f23bb82014c8506d3dc784e', 3),
('442000198807280542', '刘嘉露', 'adab7b701f23bb82014c8506d3dc784e', 3),
('442000197302210544', '刘国群', 'adab7b701f23bb82014c8506d3dc784e', 3),
('445121198802145931', '刘坤荣', 'adab7b701f23bb82014c8506d3dc784e', 3),
('420117198805010829', '刘娟', 'adab7b701f23bb82014c8506d3dc784e', 3),
('442000199108270534', '刘子健', 'adab7b701f23bb82014c8506d3dc784e', 3),
('642124197812251737', '刘学生', 'adab7b701f23bb82014c8506d3dc784e', 3),
('440582199104066915', '刘宏武', 'adab7b701f23bb82014c8506d3dc784e', 3),
('442000199312097345', '刘宝燕', 'adab7b701f23bb82014c8506d3dc784e', 3),
('440881199308045120', '刘广芬', 'adab7b701f23bb82014c8506d3dc784e', 3),
('430223196704043512', '刘建文', 'adab7b701f23bb82014c8506d3dc784e', 3),
('442000199301306631', '刘志凯', 'adab7b701f23bb82014c8506d3dc784e', 3),
('431126198812090045', '刘恒', 'adab7b701f23bb82014c8506d3dc784e', 3),
('442000197609180546', '刘敬智', 'adab7b701f23bb82014c8506d3dc784e', 3),
('429006198707297751', '刘文兵', 'adab7b701f23bb82014c8506d3dc784e', 3),
('430624198910034534', '刘曙', 'adab7b701f23bb82014c8506d3dc784e', 3),
('44062019680812715X', '刘树铭', 'adab7b701f23bb82014c8506d3dc784e', 3),
('321323198806034537', '刘水清', 'adab7b701f23bb82014c8506d3dc784e', 3),
('442000199305131584', '刘洁珊', 'adab7b701f23bb82014c8506d3dc784e', 3),
('442000198806295611', '刘洪标', 'adab7b701f23bb82014c8506d3dc784e', 3),
('44088119890331102X', '刘海媚', 'adab7b701f23bb82014c8506d3dc784e', 3),
('440223198210151119', '刘清涛', 'adab7b701f23bb82014c8506d3dc784e', 3),
('440620196709280714', '刘溢宏', 'adab7b701f23bb82014c8506d3dc784e', 3),
('442000197811048426', '刘燕映', 'adab7b701f23bb82014c8506d3dc784e', 3),
('441402197906021019', '刘琦', 'adab7b701f23bb82014c8506d3dc784e', 3),
('450404199003120326', '刘璐', 'adab7b701f23bb82014c8506d3dc784e', 3),
('36232219880501486X', '刘甜', 'adab7b701f23bb82014c8506d3dc784e', 3),
('510214198009221770', '刘甫琴', 'adab7b701f23bb82014c8506d3dc784e', 3),
('430626198405292439', '刘祖德', 'adab7b701f23bb82014c8506d3dc784e', 3),
('44512119970604561X', '刘立湘', 'adab7b701f23bb82014c8506d3dc784e', 3),
('511024198505185214', '刘红', 'adab7b701f23bb82014c8506d3dc784e', 3),
('230521199110072527', '刘红吉', 'adab7b701f23bb82014c8506d3dc784e', 3),
('412822198607161182', '刘艳', 'adab7b701f23bb82014c8506d3dc784e', 3),
('441423198910231015', '刘荣昌', 'adab7b701f23bb82014c8506d3dc784e', 3),
('360321198501026011', '刘辕', 'adab7b701f23bb82014c8506d3dc784e', 3),
('442000197712210328', '刘迎凯', 'adab7b701f23bb82014c8506d3dc784e', 3),
('442000198506156628', '刘雅静', 'adab7b701f23bb82014c8506d3dc784e', 3),
('110108196709174243', '刘颖', 'adab7b701f23bb82014c8506d3dc784e', 3),
('440229197408200071', '刘飞鹏', 'adab7b701f23bb82014c8506d3dc784e', 3),
('441781198308265917', '刘鹏辉', 'adab7b701f23bb82014c8506d3dc784e', 3),
('440229199004132219', '包先保', 'adab7b701f23bb82014c8506d3dc784e', 3),
('442000198712065700', '区燕婷', 'adab7b701f23bb82014c8506d3dc784e', 3),
('442000198909205631', '卢云杰', 'adab7b701f23bb82014c8506d3dc784e', 3),
('442000199201214078', '卢国强', 'adab7b701f23bb82014c8506d3dc784e', 3),
('442000198807305703', '卢沛玲', 'adab7b701f23bb82014c8506d3dc784e', 3),
('440107198207100040', '卢洁倩', 'adab7b701f23bb82014c8506d3dc784e', 3),
('51340119760320062X', '卢艳', 'adab7b701f23bb82014c8506d3dc784e', 3),
('440181198404104247', '卢莹', 'adab7b701f23bb82014c8506d3dc784e', 3),
('442000199302100969', '卢观婵', 'adab7b701f23bb82014c8506d3dc784e', 3),
('440782198603083345', '叶丽华', 'adab7b701f23bb82014c8506d3dc784e', 3),
('442000198211032580', '叶剑贞', 'adab7b701f23bb82014c8506d3dc784e', 3),
('442000198309260637', '叶家贤', 'adab7b701f23bb82014c8506d3dc784e', 3),
('441625198411100540', '叶小娟', 'adab7b701f23bb82014c8506d3dc784e', 3),
('46000319800102062X', '叶海霞', 'adab7b701f23bb82014c8506d3dc784e', 3),
('440421197908161718', '叶润生', 'adab7b701f23bb82014c8506d3dc784e', 3),
('442000198205176107', '叶笑梅', 'adab7b701f23bb82014c8506d3dc784e', 3),
('440724196510054833', '司徒春明', 'adab7b701f23bb82014c8506d3dc784e', 3),
('442000197303100726', '司徒美华', 'adab7b701f23bb82014c8506d3dc784e', 3),
('433101196512065513', '向昌海', 'adab7b701f23bb82014c8506d3dc784e', 3),
('44200019861008576X', '吕凤英', 'adab7b701f23bb82014c8506d3dc784e', 3),
('442000198905105764', '吕凤萍', 'adab7b701f23bb82014c8506d3dc784e', 3),
('330106197805134025', '吕征', 'adab7b701f23bb82014c8506d3dc784e', 3),
('410305197803023529', '吕晓艳', 'adab7b701f23bb82014c8506d3dc784e', 3),
('421023199008092953', '吕盼', 'adab7b701f23bb82014c8506d3dc784e', 3),
('442000198807234247', '吴倩文', 'adab7b701f23bb82014c8506d3dc784e', 3),
('442000198603012941', '吴兰芬', 'adab7b701f23bb82014c8506d3dc784e', 3),
('44200019840730092x', '吴凤群', 'adab7b701f23bb82014c8506d3dc784e', 3),
('440923197810235416', '吴宗', 'adab7b701f23bb82014c8506d3dc784e', 3),
('450481199212050427', '吴小兰', 'adab7b701f23bb82014c8506d3dc784e', 3),
('442000198612070940', '吴小群', 'adab7b701f23bb82014c8506d3dc784e', 3),
('441781198604075421', '吴小苗', 'adab7b701f23bb82014c8506d3dc784e', 3),
('442000198604026122', '吴建华', 'adab7b701f23bb82014c8506d3dc784e', 3),
('442000197801232967', '吴彤', 'adab7b701f23bb82014c8506d3dc784e', 3),
('442000197008013304', '吴彩兰', 'adab7b701f23bb82014c8506d3dc784e', 3),
('442000198407200945', '吴彩燕', 'adab7b701f23bb82014c8506d3dc784e', 3),
('442000199201032944', '吴志恩', 'adab7b701f23bb82014c8506d3dc784e', 3),
('460002198610182513', '吴志晓', 'adab7b701f23bb82014c8506d3dc784e', 3),
('442000197111067669', '吴惠群', 'adab7b701f23bb82014c8506d3dc784e', 3),
('440782198304145921', '吴敏玲', 'adab7b701f23bb82014c8506d3dc784e', 3),
('441882199104133310', '吴晓华', 'adab7b701f23bb82014c8506d3dc784e', 3),
('441322198905202381', '吴杰玲', 'adab7b701f23bb82014c8506d3dc784e', 3),
('430725198111023718', '吴松', 'adab7b701f23bb82014c8506d3dc784e', 3),
('341225198811120027', '吴楠', 'adab7b701f23bb82014c8506d3dc784e', 3),
('442000199209045192', '吴民安', 'adab7b701f23bb82014c8506d3dc784e', 3),
('445221198702135619', '吴永铭', 'adab7b701f23bb82014c8506d3dc784e', 3),
('442000198406120636', '吴汉良', 'adab7b701f23bb82014c8506d3dc784e', 3),
('442000198912102369', '吴泳怡', 'adab7b701f23bb82014c8506d3dc784e', 3),
('441602198409132215', '吴泽民', 'adab7b701f23bb82014c8506d3dc784e', 3),
('440782199306165939', '吴海健', 'adab7b701f23bb82014c8506d3dc784e', 3),
('442000197802160926', '吴海珊', 'adab7b701f23bb82014c8506d3dc784e', 3),
('442000197912158157', '吴炬荣', 'adab7b701f23bb82014c8506d3dc784e', 3),
('442000198312143802', '吴翠峰', 'adab7b701f23bb82014c8506d3dc784e', 3),
('442000199409236145', '吴芷晴', 'adab7b701f23bb82014c8506d3dc784e', 3),
('440923197912015756', '吴豪', 'adab7b701f23bb82014c8506d3dc784e', 3),
('445321199101252537', '吴钟明', 'adab7b701f23bb82014c8506d3dc784e', 3),
('44200019881010614X', '吴银婵', 'adab7b701f23bb82014c8506d3dc784e', 3),
('445102198801091418', '吴锐颖', 'adab7b701f23bb82014c8506d3dc784e', 3),
('445221198310191945', '吴雪娥', 'adab7b701f23bb82014c8506d3dc784e', 3),
('442000198905122943', '吴霜娴', 'adab7b701f23bb82014c8506d3dc784e', 3),
('511123198311275018', '周国彬', 'adab7b701f23bb82014c8506d3dc784e', 3),
('432621197010116612', '周备战', 'adab7b701f23bb82014c8506d3dc784e', 3),
('362430197912254819', '周太伟', 'adab7b701f23bb82014c8506d3dc784e', 3),
('44200019880613296X', '周敏敏', 'adab7b701f23bb82014c8506d3dc784e', 3),
('370602199002161319', '周斐', 'adab7b701f23bb82014c8506d3dc784e', 3),
('432502197807210011', '周朝晖', 'adab7b701f23bb82014c8506d3dc784e', 3),
('442000199105236162', '周洁仪', 'adab7b701f23bb82014c8506d3dc784e', 3),
('522701197708115314', '周洪波', 'adab7b701f23bb82014c8506d3dc784e', 3),
('442000198609220944', '周燕环', 'adab7b701f23bb82014c8506d3dc784e', 3),
('440602198112101871', '周玉麟', 'adab7b701f23bb82014c8506d3dc784e', 3),
('442000198210282975', '周茂荣', 'adab7b701f23bb82014c8506d3dc784e', 3),
('442000199106075292', '周荣强', 'adab7b701f23bb82014c8506d3dc784e', 3),
('44200019870227383X', '周镇辉', 'adab7b701f23bb82014c8506d3dc784e', 3),
('440803199108132968', '周颖', 'adab7b701f23bb82014c8506d3dc784e', 3),
('440233197312300021', '周黄燕', 'adab7b701f23bb82014c8506d3dc784e', 3),
('511121197902287531', '唐勇胜', 'adab7b701f23bb82014c8506d3dc784e', 3),
('442000199009195313', '唐垣辉', 'adab7b701f23bb82014c8506d3dc784e', 3),
('431023199103210542', '唐林英', 'adab7b701f23bb82014c8506d3dc784e', 3),
('450821199203233622', '唐榕玫', 'adab7b701f23bb82014c8506d3dc784e', 3),
('510824198101072670', '喻晓明', 'adab7b701f23bb82014c8506d3dc784e', 3),
('43030319681223202X', '姜益群', 'adab7b701f23bb82014c8506d3dc784e', 3),
('420117198802173550', '姜金亚', 'adab7b701f23bb82014c8506d3dc784e', 3),
('442000198007185205', '孔倩坤', 'adab7b701f23bb82014c8506d3dc784e', 3),
('420528198408180358', '孙振华', 'adab7b701f23bb82014c8506d3dc784e', 3),
('442000198508052339', '孙沛强', 'adab7b701f23bb82014c8506d3dc784e', 3),
('442000198812164634', '孙锦荣', 'adab7b701f23bb82014c8506d3dc784e', 3),
('442000198008312341', '孙雅娜', 'adab7b701f23bb82014c8506d3dc784e', 3),
('41272719861214309X', '季广华', 'adab7b701f23bb82014c8506d3dc784e', 3),
('420626199008066529', '宋丽丽', 'adab7b701f23bb82014c8506d3dc784e', 3),
('445102199003116363', '宋岱', 'adab7b701f23bb82014c8506d3dc784e', 3),
('445281199107150057', '宋文炜', 'adab7b701f23bb82014c8506d3dc784e', 3),
('441621199506063219', '宋晓辉', 'adab7b701f23bb82014c8506d3dc784e', 3),
('430102197103241019', '宋谦', 'adab7b701f23bb82014c8506d3dc784e', 3),
('440224198601160748', '官美芹', 'adab7b701f23bb82014c8506d3dc784e', 3),
('442000199412318379', '容凡飞', 'adab7b701f23bb82014c8506d3dc784e', 3),
('442000199210021278', '容锦培', 'adab7b701f23bb82014c8506d3dc784e', 3),
('460103199310180010', '封岳滨', 'adab7b701f23bb82014c8506d3dc784e', 3),
('430421198709137670', '屈兵顺', 'adab7b701f23bb82014c8506d3dc784e', 3),
('442000198907234236', '岑冠开', 'adab7b701f23bb82014c8506d3dc784e', 3),
('442000198210124221', '崔彩英', 'adab7b701f23bb82014c8506d3dc784e', 3),
('610426197907280911', '师宝康', 'adab7b701f23bb82014c8506d3dc784e', 3),
('440823199107243936', '庄伟强', 'adab7b701f23bb82014c8506d3dc784e', 3),
('441522199111250694', '庄坤展', 'adab7b701f23bb82014c8506d3dc784e', 3),
('441502198809064017', '庄振荣', 'adab7b701f23bb82014c8506d3dc784e', 3),
('440202197205295365', '廖宝珍', 'adab7b701f23bb82014c8506d3dc784e', 3),
('513023197110073016', '廖岚', 'adab7b701f23bb82014c8506d3dc784e', 3),
('441427198609180314', '张云兴', 'adab7b701f23bb82014c8506d3dc784e', 3),
('412727199201281660', '张亚楠', 'adab7b701f23bb82014c8506d3dc784e', 3),
('442000199302020643', '张佩珊', 'adab7b701f23bb82014c8506d3dc784e', 3),
('44200019830109884X', '张健君', 'adab7b701f23bb82014c8506d3dc784e', 3),
('441521198702161166', '张剑玲', 'adab7b701f23bb82014c8506d3dc784e', 3),
('42112719830212393x', '张勇', 'adab7b701f23bb82014c8506d3dc784e', 3),
('412727198208042019', '张喆', 'adab7b701f23bb82014c8506d3dc784e', 3),
('442000198908072611', '张嘉明', 'adab7b701f23bb82014c8506d3dc784e', 3),
('441621198811074825', '张嘉玲', 'adab7b701f23bb82014c8506d3dc784e', 3),
('442000197505040039', '张国建', 'adab7b701f23bb82014c8506d3dc784e', 3),
('445122198108187433', '张培雄', 'adab7b701f23bb82014c8506d3dc784e', 3),
('522401199212280175', '张小斌', 'adab7b701f23bb82014c8506d3dc784e', 3),
('44092119700930353X', '张庆才', 'adab7b701f23bb82014c8506d3dc784e', 3),
('442000199102254234', '张建帮', 'adab7b701f23bb82014c8506d3dc784e', 3),
('440204199307185011', '张彦', 'adab7b701f23bb82014c8506d3dc784e', 3),
('450881198810153538', '张德强', 'adab7b701f23bb82014c8506d3dc784e', 3),
('430382198411014085', '张慧A', 'adab7b701f23bb82014c8506d3dc784e', 3),
('430122198202086966', '张懿', 'adab7b701f23bb82014c8506d3dc784e', 3),
('442000198705265229', '张文君', 'adab7b701f23bb82014c8506d3dc784e', 3),
('441424198009254851', '张文浩', 'adab7b701f23bb82014c8506d3dc784e', 3),
('430611198707291517', '张新斌', 'adab7b701f23bb82014c8506d3dc784e', 3),
('441421199301315119', '张新锋', 'adab7b701f23bb82014c8506d3dc784e', 3),
('440711197311135115', '张昱', 'adab7b701f23bb82014c8506d3dc784e', 3),
('442000199110054224', '张晓林', 'adab7b701f23bb82014c8506d3dc784e', 3),
('42102219890428061X', '张杰', 'adab7b701f23bb82014c8506d3dc784e', 3),
('36073019841102001x', '张林川', 'adab7b701f23bb82014c8506d3dc784e', 3),
('442000199101302580', '张梅珊', 'adab7b701f23bb82014c8506d3dc784e', 3),
('440582199109080951', '张楚彬', 'adab7b701f23bb82014c8506d3dc784e', 3),
('442000198803312607', '张泳茵', 'adab7b701f23bb82014c8506d3dc784e', 3),
('442000197302040020', '张海燕', 'adab7b701f23bb82014c8506d3dc784e', 3),
('445122199302220625', '张淑婷', 'adab7b701f23bb82014c8506d3dc784e', 3),
('44512219940607743X', '张滔', 'adab7b701f23bb82014c8506d3dc784e', 3),
('441424198312234845', '张环花', 'adab7b701f23bb82014c8506d3dc784e', 3),
('230302198910155828', '张琳', 'adab7b701f23bb82014c8506d3dc784e', 3),
('441282198203204527', '张翠玲', 'adab7b701f23bb82014c8506d3dc784e', 3),
('445122198211257057', '张逸', 'adab7b701f23bb82014c8506d3dc784e', 3),
('445102198811016315', '张锷河', 'adab7b701f23bb82014c8506d3dc784e', 3),
('440902199301280427', '张露丹', 'adab7b701f23bb82014c8506d3dc784e', 3),
('421083198710120418', '张顺', 'adab7b701f23bb82014c8506d3dc784e', 3),
('440882198811156946', '张风超', 'adab7b701f23bb82014c8506d3dc784e', 3),
('44050919810415602X', '彭丽娟', 'adab7b701f23bb82014c8506d3dc784e', 3),
('440620197007210329', '彭小贞', 'adab7b701f23bb82014c8506d3dc784e', 3),
('440620197009263686', '彭芷阶', 'adab7b701f23bb82014c8506d3dc784e', 3),
('150203198907063122', '徐华', 'adab7b701f23bb82014c8506d3dc784e', 3),
('440224197712192668', '徐卫平', 'adab7b701f23bb82014c8506d3dc784e', 3),
('440781199101117232', '徐建军', 'adab7b701f23bb82014c8506d3dc784e', 3),
('441423199002163314', '徐建森', 'adab7b701f23bb82014c8506d3dc784e', 3),
('442000199011046624', '徐敏玲', 'adab7b701f23bb82014c8506d3dc784e', 3),
('510224197911190049', '徐梅', 'adab7b701f23bb82014c8506d3dc784e', 3),
('442000198205020866', '徐翩', 'adab7b701f23bb82014c8506d3dc784e', 3),
('445224199310161846', '戎琳', 'adab7b701f23bb82014c8506d3dc784e', 3),
('441882199003160627', '成玮琪', 'adab7b701f23bb82014c8506d3dc784e', 3),
('440203197307312126', '戴怡', 'adab7b701f23bb82014c8506d3dc784e', 3),
('430511196310025013', '敬初雄', 'adab7b701f23bb82014c8506d3dc784e', 3),
('441224198703040510', '敬永明', 'adab7b701f23bb82014c8506d3dc784e', 3),
('442000199411162333', '文进', 'adab7b701f23bb82014c8506d3dc784e', 3),
('430421198005201670', '方卫军', 'adab7b701f23bb82014c8506d3dc784e', 3),
('445281197801266720', '方敏', 'adab7b701f23bb82014c8506d3dc784e', 3),
('440711198203055120', '施燕菊', 'adab7b701f23bb82014c8506d3dc784e', 3),
('445224198201060929', '施莲香', 'adab7b701f23bb82014c8506d3dc784e', 3),
('432502197302110031', '晏华武', 'adab7b701f23bb82014c8506d3dc784e', 3),
('440881199204104456', '曹济硕', 'adab7b701f23bb82014c8506d3dc784e', 3),
('412828198708223731', '曹红光', 'adab7b701f23bb82014c8506d3dc784e', 3),
('441424199501013755', '曾天文', 'adab7b701f23bb82014c8506d3dc784e', 3),
('441781199310032017', '曾广灿', 'adab7b701f23bb82014c8506d3dc784e', 3),
('441621198308054528', '曾建红', 'adab7b701f23bb82014c8506d3dc784e', 3),
('44042119810812805X', '曾德洪', 'adab7b701f23bb82014c8506d3dc784e', 3),
('441623198705045214', '曾栋', 'adab7b701f23bb82014c8506d3dc784e', 3),
('440602197502010911', '曾毅华', 'adab7b701f23bb82014c8506d3dc784e', 3),
('440825198308061475', '曾汝翔', 'adab7b701f23bb82014c8506d3dc784e', 3),
('442000199102015452', '曾浚', 'adab7b701f23bb82014c8506d3dc784e', 3),
('445121198512123152', '曾浩彬', 'adab7b701f23bb82014c8506d3dc784e', 3),
('441424198309250545', '曾苑红', 'adab7b701f23bb82014c8506d3dc784e', 3),
('360729198910200028', '曾蕾', 'adab7b701f23bb82014c8506d3dc784e', 3),
('441821197503282418', '朱国锋', 'adab7b701f23bb82014c8506d3dc784e', 3),
('430624198011140077', '朱威', 'adab7b701f23bb82014c8506d3dc784e', 3),
('420111196602044159', '朱柏林', 'adab7b701f23bb82014c8506d3dc784e', 3),
('442000198909155208', '朱绮雯', 'adab7b701f23bb82014c8506d3dc784e', 3),
('441421197403254178', '朱胜斌', 'adab7b701f23bb82014c8506d3dc784e', 3),
('442000198101197659', '朱莹楚', 'adab7b701f23bb82014c8506d3dc784e', 3),
('441221197403096113', '朱铭新', 'adab7b701f23bb82014c8506d3dc784e', 3),
('440981198811123916', '朱飞龙', 'adab7b701f23bb82014c8506d3dc784e', 3),
('231005198608254829', '朴明玉', 'adab7b701f23bb82014c8506d3dc784e', 3),
('442000198205030722', '李丝韵', 'adab7b701f23bb82014c8506d3dc784e', 3),
('442000198101100028', '李丽平', 'adab7b701f23bb82014c8506d3dc784e', 3),
('413001197802100028', '李丹', 'adab7b701f23bb82014c8506d3dc784e', 3),
('411326199112252017', '李书旺', 'adab7b701f23bb82014c8506d3dc784e', 3),
('44522119850906621X', '李伟杰', 'adab7b701f23bb82014c8506d3dc784e', 3),
('441424198410060017', '李伟标', 'adab7b701f23bb82014c8506d3dc784e', 3),
('445122199111045449', '李加欣', 'adab7b701f23bb82014c8506d3dc784e', 3),
('44098119870304353X', '李华挺', 'adab7b701f23bb82014c8506d3dc784e', 3),
('442000197907066418', '李君洪', 'adab7b701f23bb82014c8506d3dc784e', 3),
('442000198601071761', '李喜悦', 'adab7b701f23bb82014c8506d3dc784e', 3),
('220882199210146017', '李嘉峰', 'adab7b701f23bb82014c8506d3dc784e', 3),
('442000198906215519', '李嘉瀛', 'adab7b701f23bb82014c8506d3dc784e', 3),
('441781199501094667', '李嘉雯', 'adab7b701f23bb82014c8506d3dc784e', 3),
('441424198708231595', '李国方', 'adab7b701f23bb82014c8506d3dc784e', 3),
('441424198909191577', '李国浩', 'adab7b701f23bb82014c8506d3dc784e', 3),
('442000199003066633', '李国纶', 'adab7b701f23bb82014c8506d3dc784e', 3),
('440822197103186713', '李太旺', 'adab7b701f23bb82014c8506d3dc784e', 3),
('441421199010084429', '李好华', 'adab7b701f23bb82014c8506d3dc784e', 3),
('410881198210203012', '李宁宁', 'adab7b701f23bb82014c8506d3dc784e', 3),
('44532119921207311X', '李家明', 'adab7b701f23bb82014c8506d3dc784e', 3),
('440923198607092661', '李小瑜', 'adab7b701f23bb82014c8506d3dc784e', 3),
('440882198603310021', '李小翠', 'adab7b701f23bb82014c8506d3dc784e', 3),
('445381199305085423', '李志玲', 'adab7b701f23bb82014c8506d3dc784e', 3),
('440204198311107011', '李志锋', 'adab7b701f23bb82014c8506d3dc784e', 3),
('442000198207242956', '李惠东', 'adab7b701f23bb82014c8506d3dc784e', 3),
('442000199407274295', '李文昌', 'adab7b701f23bb82014c8506d3dc784e', 3),
('441481198704210399', '李文炬', 'adab7b701f23bb82014c8506d3dc784e', 3),
('362229197608012237', '李智勇', 'adab7b701f23bb82014c8506d3dc784e', 3),
('440721196911302173', '李有强', 'adab7b701f23bb82014c8506d3dc784e', 3),
('442000199110050530', '李林', 'adab7b701f23bb82014c8506d3dc784e', 3),
('431003198904206535', '李根', 'adab7b701f23bb82014c8506d3dc784e', 3),
('442000198206242583', '李桂娇', 'adab7b701f23bb82014c8506d3dc784e', 3),
('441723198711092928', '李梅花', 'adab7b701f23bb82014c8506d3dc784e', 3),
('430481198511111738', '李毅', 'adab7b701f23bb82014c8506d3dc784e', 3),
('442000198312260531', '李毅欣', 'adab7b701f23bb82014c8506d3dc784e', 3),
('441801198110242828', '李永美', 'adab7b701f23bb82014c8506d3dc784e', 3),
('442000198908033794', '李池海', 'adab7b701f23bb82014c8506d3dc784e', 3),
('442000198611276429', '李泳珊', 'adab7b701f23bb82014c8506d3dc784e', 3),
('441781198210055946', '李洁玲', 'adab7b701f23bb82014c8506d3dc784e', 3),
('440620196404230329', '李洁玲(大)', 'adab7b701f23bb82014c8506d3dc784e', 3),
('445221198805246223', '李洁芳', 'adab7b701f23bb82014c8506d3dc784e', 3),
('22058219910714114X', '李洋', 'adab7b701f23bb82014c8506d3dc784e', 3),
('442000199002284233', '李海文', 'adab7b701f23bb82014c8506d3dc784e', 3),
('440105197706240032', '李海欢', 'adab7b701f23bb82014c8506d3dc784e', 3),
('442000198908210041', '李深森', 'adab7b701f23bb82014c8506d3dc784e', 3),
('440921199109251633', '李潮', 'adab7b701f23bb82014c8506d3dc784e', 3),
('442000199205020211', '李灿恒', 'adab7b701f23bb82014c8506d3dc784e', 3),
('445221198912246210', '李焕深', 'adab7b701f23bb82014c8506d3dc784e', 3),
('43092219930613852X', '李玲', 'adab7b701f23bb82014c8506d3dc784e', 3),
('152823197301204045', '李琳', 'adab7b701f23bb82014c8506d3dc784e', 3),
('370982198902193117', '李福来', 'adab7b701f23bb82014c8506d3dc784e', 3),
('440126197303023043', '李秋英', 'adab7b701f23bb82014c8506d3dc784e', 3),
('440881198409103225', '李稣明', 'adab7b701f23bb82014c8506d3dc784e', 3),
('442000198902244240', '李紫君', 'adab7b701f23bb82014c8506d3dc784e', 3),
('360730198901202940', '李红红', 'adab7b701f23bb82014c8506d3dc784e', 3),
('612424199002280018', '李臻', 'adab7b701f23bb82014c8506d3dc784e', 3),
('440223197705260021', '李贤霞', 'adab7b701f23bb82014c8506d3dc784e', 3),
('442000199511235202', '李键欣', 'adab7b701f23bb82014c8506d3dc784e', 3),
('442000198804047956', '李鸿辉', 'adab7b701f23bb82014c8506d3dc784e', 3),
('442000197703257669', '杜海茵', 'adab7b701f23bb82014c8506d3dc784e', 3),
('441822197608020269', '杨丽芳', 'adab7b701f23bb82014c8506d3dc784e', 3),
('140107198303273311', '杨中良', 'adab7b701f23bb82014c8506d3dc784e', 3),
('442000197907220059', '杨嘉荣', 'adab7b701f23bb82014c8506d3dc784e', 3),
('43072519921221362X', '杨娟', 'adab7b701f23bb82014c8506d3dc784e', 3),
('442000197507110766', '杨子卿', 'adab7b701f23bb82014c8506d3dc784e', 3),
('442000197211032957', '杨志全', 'adab7b701f23bb82014c8506d3dc784e', 3),
('442000198810170539', '杨文杰', 'adab7b701f23bb82014c8506d3dc784e', 3),
('441424198606014864', '杨新花', 'adab7b701f23bb82014c8506d3dc784e', 3),
('440983199309177465', '杨李红', 'adab7b701f23bb82014c8506d3dc784e', 3),
('442000199110176635', '杨梯伦', 'adab7b701f23bb82014c8506d3dc784e', 3),
('442000199109106656', '杨永明', 'adab7b701f23bb82014c8506d3dc784e', 3),
('442000198407016611', '杨永贤', 'adab7b701f23bb82014c8506d3dc784e', 3),
('442000197805164025', '杨海珍', 'adab7b701f23bb82014c8506d3dc784e', 3),
('442000198807278389', '杨燕敏', 'adab7b701f23bb82014c8506d3dc784e', 3),
('440981198308110026', '杨绮', 'adab7b701f23bb82014c8506d3dc784e', 3),
('442000198309064628', '杨群芳', 'adab7b701f23bb82014c8506d3dc784e', 3),
('130183198610272532', '杨萌', 'adab7b701f23bb82014c8506d3dc784e', 3),
('441422198903124522', '杨谊', 'adab7b701f23bb82014c8506d3dc784e', 3),
('445122197605025019', '杨贞元', 'adab7b701f23bb82014c8506d3dc784e', 3),
('442000198308276602', '杨钰', 'adab7b701f23bb82014c8506d3dc784e', 3),
('441425197711300362', '杨静', 'adab7b701f23bb82014c8506d3dc784e', 3),
('441501198405224532', '林万青', 'adab7b701f23bb82014c8506d3dc784e', 3),
('442000197502080027', '林丽铭', 'adab7b701f23bb82014c8506d3dc784e', 3),
('441900198603161312', '林仲明', 'adab7b701f23bb82014c8506d3dc784e', 3),
('445323199201202118', '林伙进', 'adab7b701f23bb82014c8506d3dc784e', 3),
('442000197708126414', '林伟强', 'adab7b701f23bb82014c8506d3dc784e', 3),
('442000199307151271', '林佳诚', 'adab7b701f23bb82014c8506d3dc784e', 3),
('442000197407190711', '林俊晖', 'adab7b701f23bb82014c8506d3dc784e', 3),
('442000198201112368', '林倩嘉', 'adab7b701f23bb82014c8506d3dc784e', 3),
('441225198708172973', '林健标', 'adab7b701f23bb82014c8506d3dc784e', 3),
('440105197001050116', '林力胜', 'adab7b701f23bb82014c8506d3dc784e', 3),
('442000198906144044', '林加玲', 'adab7b701f23bb82014c8506d3dc784e', 3),
('442000197010102031', '林后建', 'adab7b701f23bb82014c8506d3dc784e', 3),
('441226199210194017', '林善炜', 'adab7b701f23bb82014c8506d3dc784e', 3),
('442000199112028919', '林嘉伟', 'adab7b701f23bb82014c8506d3dc784e', 3),
('442000199407311279', '林嘉俊', 'adab7b701f23bb82014c8506d3dc784e', 3),
('450403197603291844', '林志君', 'adab7b701f23bb82014c8506d3dc784e', 3),
('442000198508191582', '林惠颜', 'adab7b701f23bb82014c8506d3dc784e', 3),
('469028199004062155', '林明亭', 'adab7b701f23bb82014c8506d3dc784e', 3),
('441623197411180029', '林春阳', 'adab7b701f23bb82014c8506d3dc784e', 3),
('442000199206296615', '林柏健', 'adab7b701f23bb82014c8506d3dc784e', 3),
('442000197801187684', '林汉仪', 'adab7b701f23bb82014c8506d3dc784e', 3),
('442000197805082046', '林沛潮', 'adab7b701f23bb82014c8506d3dc784e', 3),
('442000198109033800', '林焕冰', 'adab7b701f23bb82014c8506d3dc784e', 3),
('450821198012102617', '林籽宇', 'adab7b701f23bb82014c8506d3dc784e', 3),
('441581198608184720', '林美杏', 'adab7b701f23bb82014c8506d3dc784e', 3),
('44520219930326032X', '林虹', 'adab7b701f23bb82014c8506d3dc784e', 3),
('445202198903130321', '林起凤', 'adab7b701f23bb82014c8506d3dc784e', 3),
('440583198807014232', '林钊杰', 'adab7b701f23bb82014c8506d3dc784e', 3),
('441522198711080057', '林钲倍', 'adab7b701f23bb82014c8506d3dc784e', 3),
('44200019860623710X', '林青霞', 'adab7b701f23bb82014c8506d3dc784e', 3),
('442000198902073840', '林颖丽', 'adab7b701f23bb82014c8506d3dc784e', 3),
('23900519880722251X', '林龙', 'adab7b701f23bb82014c8506d3dc784e', 3),
('445224198810080378', '柯传贤', 'adab7b701f23bb82014c8506d3dc784e', 3),
('430981198410180926', '桂文', 'adab7b701f23bb82014c8506d3dc784e', 3),
('442000197510102783', '梁丽云', 'adab7b701f23bb82014c8506d3dc784e', 3),
('442000197308280543', '梁丽华', 'adab7b701f23bb82014c8506d3dc784e', 3),
('442000199008281260', '梁丽婵', 'adab7b701f23bb82014c8506d3dc784e', 3),
('442000199009055329', '梁丽芳', 'adab7b701f23bb82014c8506d3dc784e', 3),
('440421198506088102', '梁亦笑', 'adab7b701f23bb82014c8506d3dc784e', 3),
('44200019740918717X', '梁伟洪', 'adab7b701f23bb82014c8506d3dc784e', 3),
('440822197909130225', '梁克冰', 'adab7b701f23bb82014c8506d3dc784e', 3),
('442000198907134040', '梁凤娟', 'adab7b701f23bb82014c8506d3dc784e', 3),
('445321198809183755', '梁剑聪', 'adab7b701f23bb82014c8506d3dc784e', 3),
('44200019891010263X', '梁华坤', 'adab7b701f23bb82014c8506d3dc784e', 3),
('441702198511052831', '梁华考', 'adab7b701f23bb82014c8506d3dc784e', 3),
('442000198806060927', '梁嘉欣', 'adab7b701f23bb82014c8506d3dc784e', 3),
('442000199008114024', '梁嘉红', 'adab7b701f23bb82014c8506d3dc784e', 3),
('442000199308030914', '梁嘉荣', 'adab7b701f23bb82014c8506d3dc784e', 3),
('442000198809223293', '梁嘉辉', 'adab7b701f23bb82014c8506d3dc784e', 3),
('442000198609027183', '梁培瑜', 'adab7b701f23bb82014c8506d3dc784e', 3),
('442000199207216103', '梁培芬', 'adab7b701f23bb82014c8506d3dc784e', 3),
('442000198711194025', '梁少婷', 'adab7b701f23bb82014c8506d3dc784e', 3),
('442000198102153826', '梁少珍', 'adab7b701f23bb82014c8506d3dc784e', 3),
('440620196901240026', '梁少聪', 'adab7b701f23bb82014c8506d3dc784e', 3),
('44200019790205379X', '梁展云', 'adab7b701f23bb82014c8506d3dc784e', 3),
('442000198508233828', '梁广华', 'adab7b701f23bb82014c8506d3dc784e', 3),
('442000198305306116', '梁志玲', 'adab7b701f23bb82014c8506d3dc784e', 3),
('442000198703285314', '梁志辉', 'adab7b701f23bb82014c8506d3dc784e', 3),
('442000197008270327', '梁慧宁', 'adab7b701f23bb82014c8506d3dc784e', 3),
('440825198701263014', '梁才利', 'adab7b701f23bb82014c8506d3dc784e', 3),
('445321199007252522', '梁文丽', 'adab7b701f23bb82014c8506d3dc784e', 3),
('442000198303273699', '梁文发', 'adab7b701f23bb82014c8506d3dc784e', 3),
('442000198603102584', '梁文清', 'adab7b701f23bb82014c8506d3dc784e', 3),
('442000198704103295', '梁文锐', 'adab7b701f23bb82014c8506d3dc784e', 3),
('442000198505063294', '梁文锷', 'adab7b701f23bb82014c8506d3dc784e', 3),
('442000198607277162', '梁斯敏', 'adab7b701f23bb82014c8506d3dc784e', 3),
('44200019910823092X', '梁施敏', 'adab7b701f23bb82014c8506d3dc784e', 3),
('441225198510020018', '梁明君', 'adab7b701f23bb82014c8506d3dc784e', 3),
('442000198611014066', '梁暖霞', 'adab7b701f23bb82014c8506d3dc784e', 3),
('441225198112201323', '梁月梅', 'adab7b701f23bb82014c8506d3dc784e', 3),
('442000199206206114', '梁朝伟', 'adab7b701f23bb82014c8506d3dc784e', 3),
('442000199008296120', '梁杏恩', 'adab7b701f23bb82014c8506d3dc784e', 3),
('442000199008014656', '梁树成', 'adab7b701f23bb82014c8506d3dc784e', 3),
('440921199009236559', '梁正威', 'adab7b701f23bb82014c8506d3dc784e', 3),
('442000198109080850', '梁永滔', 'adab7b701f23bb82014c8506d3dc784e', 3),
('442000199309105498', '梁永鸿', 'adab7b701f23bb82014c8506d3dc784e', 3),
('440203197907306125', '梁洁', 'adab7b701f23bb82014c8506d3dc784e', 3),
('442000199006296151', '梁浩康', 'adab7b701f23bb82014c8506d3dc784e', 3),
('442000197504107369', '梁淑媚', 'adab7b701f23bb82014c8506d3dc784e', 3),
('442000199208301262', '梁淑清', 'adab7b701f23bb82014c8506d3dc784e', 3),
('442000198805078922', '梁淑萍', 'adab7b701f23bb82014c8506d3dc784e', 3),
('442000199107160915', '梁添武', 'adab7b701f23bb82014c8506d3dc784e', 3),
('442000198012045493', '梁照华', 'adab7b701f23bb82014c8506d3dc784e', 3),
('442000198808044242', '梁笑新', 'adab7b701f23bb82014c8506d3dc784e', 3),
('44200019720901088X', '梁红英', 'adab7b701f23bb82014c8506d3dc784e', 3),
('442000198801212960', '梁艳文', 'adab7b701f23bb82014c8506d3dc784e', 3),
('442000199012040865', '梁莉', 'adab7b701f23bb82014c8506d3dc784e', 3),
('442000199210120911', '梁裕明', 'adab7b701f23bb82014c8506d3dc784e', 3),
('442000198807163290', '梁豪杰', 'adab7b701f23bb82014c8506d3dc784e', 3),
('44200019800113815X', '梁钊坤', 'adab7b701f23bb82014c8506d3dc784e', 3),
('442000198601206136', '梁锡标', 'adab7b701f23bb82014c8506d3dc784e', 3),
('44078319881007152X', '梁雪冰', 'adab7b701f23bb82014c8506d3dc784e', 3),
('442000199110012948', '梁雪敏', 'adab7b701f23bb82014c8506d3dc784e', 3),
('410204197609062012', '梁震', 'adab7b701f23bb82014c8506d3dc784e', 3),
('44080219870513002X', '梁霞', 'adab7b701f23bb82014c8506d3dc784e', 3),
('442000197903160888', '梅凤庄', 'adab7b701f23bb82014c8506d3dc784e', 3),
('442000199202040858', '梅建荣', 'adab7b701f23bb82014c8506d3dc784e', 3),
('442000198811080869', '梅雯珊', 'adab7b701f23bb82014c8506d3dc784e', 3),
('442000198706268405', '欧倩欣', 'adab7b701f23bb82014c8506d3dc784e', 3),
('341122199408220618', '欧国庆', 'adab7b701f23bb82014c8506d3dc784e', 3),
('441225198208251026', '欧小冰', 'adab7b701f23bb82014c8506d3dc784e', 3),
('44200019911217529X', '欧志鹏', 'adab7b701f23bb82014c8506d3dc784e', 3),
('442000198503235734', '欧惠华', 'adab7b701f23bb82014c8506d3dc784e', 3),
('44200019890915095X', '欧沛泉', 'adab7b701f23bb82014c8506d3dc784e', 3),
('442000198904074054', '欧进豪', 'adab7b701f23bb82014c8506d3dc784e', 3),
('440182197912030311', '欧阳峰', 'adab7b701f23bb82014c8506d3dc784e', 3),
('441821198207122748', '欧阳柱冰', 'adab7b701f23bb82014c8506d3dc784e', 3),
('362421199306110041', '欧阳素雅', 'adab7b701f23bb82014c8506d3dc784e', 3),
('442000198211230720', '欧颖怡', 'adab7b701f23bb82014c8506d3dc784e', 3),
('372524198306103070', '步士伟', 'adab7b701f23bb82014c8506d3dc784e', 3),
('61052419891116681X', '段亚军', 'adab7b701f23bb82014c8506d3dc784e', 3),
('342128197806300314', '段鸿章', 'adab7b701f23bb82014c8506d3dc784e', 3),
('432624196909206119', '毛峰', 'adab7b701f23bb82014c8506d3dc784e', 3),
('445281199001055940', '江雪玉', 'adab7b701f23bb82014c8506d3dc784e', 3),
('445122198908205441', '汤妙娜', 'adab7b701f23bb82014c8506d3dc784e', 3),
('422201197506250015', '汪小兵', 'adab7b701f23bb82014c8506d3dc784e', 3),
('62010219850414181X', '汪潇', 'adab7b701f23bb82014c8506d3dc784e', 3),
('430623198908078312', '汪鹏', 'adab7b701f23bb82014c8506d3dc784e', 3),
('441822197804188317', '沈锋', 'adab7b701f23bb82014c8506d3dc784e', 3),
('442000198506132351', '洪伟荣', 'adab7b701f23bb82014c8506d3dc784e', 3),
('230123198802142078', '洪光', 'adab7b701f23bb82014c8506d3dc784e', 3),
('442000197410118374', '洪靖华', 'adab7b701f23bb82014c8506d3dc784e', 3),
('36220119640707043X', '温林生', 'adab7b701f23bb82014c8506d3dc784e', 3),
('452228197807300034', '温科锋', 'adab7b701f23bb82014c8506d3dc784e', 3),
('442000197311160032', '温钢龙', 'adab7b701f23bb82014c8506d3dc784e', 3),
('442000198903050712', '游家滔', 'adab7b701f23bb82014c8506d3dc784e', 3),
('44018319810219282x', '潘共新', 'adab7b701f23bb82014c8506d3dc784e', 3),
('442000198807042798', '潘国樑', 'adab7b701f23bb82014c8506d3dc784e', 3),
('44088119841201723X', '潘广聪', 'adab7b701f23bb82014c8506d3dc784e', 3),
('442000198608030954', '潘惠荣', 'adab7b701f23bb82014c8506d3dc784e', 3),
('440402198210159195', '潘新梁', 'adab7b701f23bb82014c8506d3dc784e', 3),
('440602198605112122', '潘栩怡', 'adab7b701f23bb82014c8506d3dc784e', 3),
('440183199308244028', '潘紫琳', 'adab7b701f23bb82014c8506d3dc784e', 3),
('442000198607040018', '潘钧廷', 'adab7b701f23bb82014c8506d3dc784e', 3),
('362203199011013523', '熊兰', 'adab7b701f23bb82014c8506d3dc784e', 3),
('411503198603044812', '熊垒', 'adab7b701f23bb82014c8506d3dc784e', 3),
('442000197711130326', '熊晓庆', 'adab7b701f23bb82014c8506d3dc784e', 3),
('350824198505274172', '熊瑜平', 'adab7b701f23bb82014c8506d3dc784e', 3),
('440781198811084346', '王丽华', 'adab7b701f23bb82014c8506d3dc784e', 3),
('440781198805160541', '王丽容', 'adab7b701f23bb82014c8506d3dc784e', 3),
('610524197709144014', '王亚军', 'adab7b701f23bb82014c8506d3dc784e', 3),
('441425197504135093', '王伟波', 'adab7b701f23bb82014c8506d3dc784e', 3),
('440620196911120327', '王卓珊', 'adab7b701f23bb82014c8506d3dc784e', 3),
('440882199005263928', '王彩连', 'adab7b701f23bb82014c8506d3dc784e', 3),
('441821198008150914', '王志敏', 'adab7b701f23bb82014c8506d3dc784e', 3),
('43092319870609525X', '王思义', 'adab7b701f23bb82014c8506d3dc784e', 3),
('440923199004282639', '王文慧', 'adab7b701f23bb82014c8506d3dc784e', 3),
('320223197712281114', '王欢', 'adab7b701f23bb82014c8506d3dc784e', 3),
('442000199204216634', '王永平', 'adab7b701f23bb82014c8506d3dc784e', 3),
('445102199307101443', '王洁雯', 'adab7b701f23bb82014c8506d3dc784e', 3),
('220421198209032515', '王涛', 'adab7b701f23bb82014c8506d3dc784e', 3),
('442000198802253289', '王绮琪', 'adab7b701f23bb82014c8506d3dc784e', 3),
('420621198709174526', '王芳', 'adab7b701f23bb82014c8506d3dc784e', 3),
('440982199101301619', '王雄华', 'adab7b701f23bb82014c8506d3dc784e', 3),
('44022919841206322x', '王雪平', 'adab7b701f23bb82014c8506d3dc784e', 3),
('44200019910907552X', '甘丽雯', 'adab7b701f23bb82014c8506d3dc784e', 3),
('440921199209302936', '甘子运', 'adab7b701f23bb82014c8506d3dc784e', 3),
('442000198712195724', '甘绮雯', 'adab7b701f23bb82014c8506d3dc784e', 3),
('372522198410255813', '田月功', 'adab7b701f23bb82014c8506d3dc784e', 3),
('445381198709146910', '盘发雄', 'adab7b701f23bb82014c8506d3dc784e', 3),
('441802197712240215', '禤毅良', 'adab7b701f23bb82014c8506d3dc784e', 3),
('442000198612127660', '秦家燕', 'adab7b701f23bb82014c8506d3dc784e', 3),
('44200019820312002X', '秦晓川', 'adab7b701f23bb82014c8506d3dc784e', 3),
('442000197903122048', '程丽娟', 'adab7b701f23bb82014c8506d3dc784e', 3),
('320102196810022915', '程宗贤', 'adab7b701f23bb82014c8506d3dc784e', 3),
('44200019790627205X', '程文洁', 'adab7b701f23bb82014c8506d3dc784e', 3),
('430423198403068222', '符安燕', 'adab7b701f23bb82014c8506d3dc784e', 3),
('430602197407233015', '符旭', 'adab7b701f23bb82014c8506d3dc784e', 3),
('440105198310310019', '简桂彬', 'adab7b701f23bb82014c8506d3dc784e', 3),
('441481198401032927', '练秀欢', 'adab7b701f23bb82014c8506d3dc784e', 3),
('43010419760413402X', '罗和云', 'adab7b701f23bb82014c8506d3dc784e', 3),
('440421199412318020', '罗壹琳', 'adab7b701f23bb82014c8506d3dc784e', 3),
('445122197910224129', '罗少清', 'adab7b701f23bb82014c8506d3dc784e', 3),
('442000198809087340', '罗敏仪', 'adab7b701f23bb82014c8506d3dc784e', 3),
('441425197012100038', '罗文东', 'adab7b701f23bb82014c8506d3dc784e', 3),
('442000198101150017', '罗昊君', 'adab7b701f23bb82014c8506d3dc784e', 3),
('442000199112223802', '罗智贤', 'adab7b701f23bb82014c8506d3dc784e', 3),
('440902199201012513', '罗杰', 'adab7b701f23bb82014c8506d3dc784e', 3),
('442000199002105610', '罗杰洪', 'adab7b701f23bb82014c8506d3dc784e', 3),
('442000199109286116', '罗松辉', 'adab7b701f23bb82014c8506d3dc784e', 3),
('441481198904080031', '罗沐彬', 'adab7b701f23bb82014c8506d3dc784e', 3),
('44200019861002545X', '罗炽恩', 'adab7b701f23bb82014c8506d3dc784e', 3),
('441225199107200013', '罗瑞康', 'adab7b701f23bb82014c8506d3dc784e', 3),
('441881198402163429', '罗配华', 'adab7b701f23bb82014c8506d3dc784e', 3),
('442000198510083847', '罗雪云', 'adab7b701f23bb82014c8506d3dc784e', 3),
('445102198705121410', '翁晓宣', 'adab7b701f23bb82014c8506d3dc784e', 3),
('441322198003055837', '翟华健', 'adab7b701f23bb82014c8506d3dc784e', 3),
('440782199307050615', '聂伟恒', 'adab7b701f23bb82014c8506d3dc784e', 3),
('441229197308070733', '聂剑泉', 'adab7b701f23bb82014c8506d3dc784e', 3),
('44532219890704072X', '聂水群', 'adab7b701f23bb82014c8506d3dc784e', 3),
('442000198202021572', '肖冠荣', 'adab7b701f23bb82014c8506d3dc784e', 3),
('442000197312251788', '肖凤娟', 'adab7b701f23bb82014c8506d3dc784e', 3),
('440882199010063074', '肖剑飞', 'adab7b701f23bb82014c8506d3dc784e', 3),
('441521199207142712', '肖尔广', 'adab7b701f23bb82014c8506d3dc784e', 3),
('44200019910502766X', '肖泳沙', 'adab7b701f23bb82014c8506d3dc784e', 3),
('360313198712200016', '肖滔', 'adab7b701f23bb82014c8506d3dc784e', 3),
('429004198812170653', '肖钟', 'adab7b701f23bb82014c8506d3dc784e', 3),
('441424199211054874', '胡俊龙', 'adab7b701f23bb82014c8506d3dc784e', 3),
('510525198307252773', '胡兵', 'adab7b701f23bb82014c8506d3dc784e', 3),
('441424199209075545', '胡剑青', 'adab7b701f23bb82014c8506d3dc784e', 3),
('430681197702232619', '胡勇江', 'adab7b701f23bb82014c8506d3dc784e', 3),
('44023319770707003x', '胡华卫', 'adab7b701f23bb82014c8506d3dc784e', 3),
('420902198805295923', '胡培君', 'adab7b701f23bb82014c8506d3dc784e', 3),
('420107197905052551', '胡平', 'adab7b701f23bb82014c8506d3dc784e', 3),
('430623199211178326', '胡康茹', 'adab7b701f23bb82014c8506d3dc784e', 3),
('440782198808117318', '胡振荣', 'adab7b701f23bb82014c8506d3dc784e', 3),
('442000198409230013', '胡梓煜', 'adab7b701f23bb82014c8506d3dc784e', 3),
('442000198905048376', '胡筱航', 'adab7b701f23bb82014c8506d3dc784e', 3),
('440981198602164957', '胡锡浩', 'adab7b701f23bb82014c8506d3dc784e', 3),
('440620197012230121', '胡雁英', 'adab7b701f23bb82014c8506d3dc784e', 3),
('442000199003076647', '胡颖莉', 'adab7b701f23bb82014c8506d3dc784e', 3),
('442000199204182956', '苏冠祥', 'adab7b701f23bb82014c8506d3dc784e', 3),
('442000197805030430', '苏坤全', 'adab7b701f23bb82014c8506d3dc784e', 3),
('442000198910125700', '苏旺娣', 'adab7b701f23bb82014c8506d3dc784e', 3),
('442000198912263293', '苏显程', 'adab7b701f23bb82014c8506d3dc784e', 3),
('442000199112175708', '苏楚雯', 'adab7b701f23bb82014c8506d3dc784e', 3),
('442000198707207364', '苏燕玲', 'adab7b701f23bb82014c8506d3dc784e', 3),
('44098119841221831X', '苏磊', 'adab7b701f23bb82014c8506d3dc784e', 3),
('360102198408294820', '苏艳', 'adab7b701f23bb82014c8506d3dc784e', 3),
('362201199406220620', '范丹妮', 'adab7b701f23bb82014c8506d3dc784e', 3),
('421022199308015451', '范祖森', 'adab7b701f23bb82014c8506d3dc784e', 3),
('430521198109051449', '范贤丽', 'adab7b701f23bb82014c8506d3dc784e', 3),
('440804199008141134', '莫开强', 'adab7b701f23bb82014c8506d3dc784e', 3),
('440881199105013567', '莫月娥', 'adab7b701f23bb82014c8506d3dc784e', 3),
('441781199007012224', '莫益间', 'adab7b701f23bb82014c8506d3dc784e', 3),
('442000199211120315', '萧健煜', 'adab7b701f23bb82014c8506d3dc784e', 3),
('442000198009176441', '萧锡云', 'adab7b701f23bb82014c8506d3dc784e', 3),
('412825198412254142', '葛月宫', 'adab7b701f23bb82014c8506d3dc784e', 3),
('410223198802093535', '董文超', 'adab7b701f23bb82014c8506d3dc784e', 3),
('440982198906025661', '董春伶', 'adab7b701f23bb82014c8506d3dc784e', 3),
('44200019750422002x', '董结冰', 'adab7b701f23bb82014c8506d3dc784e', 3),
('430419197906125445', '蒋满秀', 'adab7b701f23bb82014c8506d3dc784e', 3),
('441781198202205940', '蓝昭英', 'adab7b701f23bb82014c8506d3dc784e', 3),
('220203198905110018', '蔡军', 'adab7b701f23bb82014c8506d3dc784e', 3),
('442000198603032942', '蔡凤珠', 'adab7b701f23bb82014c8506d3dc784e', 3),
('442000198901316601', '蔡增祺', 'adab7b701f23bb82014c8506d3dc784e', 3),
('442000197908260546', '蔡展月', 'adab7b701f23bb82014c8506d3dc784e', 3),
('440823199004124934', '蔡广斯', 'adab7b701f23bb82014c8506d3dc784e', 3),
('442000198701310715', '蔡志成', 'adab7b701f23bb82014c8506d3dc784e', 3),
('442000197607257669', '蔡蔼霞', 'adab7b701f23bb82014c8506d3dc784e', 3),
('442000199102095720', '蔡连弟', 'adab7b701f23bb82014c8506d3dc784e', 3),
('440923198012144354', '蔡锦俊', 'adab7b701f23bb82014c8506d3dc784e', 3),
('440221199211260319', '蔡镇岳', 'adab7b701f23bb82014c8506d3dc784e', 3),
('440802198804302229', '蔡鸣凤', 'adab7b701f23bb82014c8506d3dc784e', 3),
('32108419821223612X', '薛玮', 'adab7b701f23bb82014c8506d3dc784e', 3),
('442000197711133703', '薛金连', 'adab7b701f23bb82014c8506d3dc784e', 3),
('430602198203293010', '虞超', 'adab7b701f23bb82014c8506d3dc784e', 3),
('411123197312141064', '袁书敏', 'adab7b701f23bb82014c8506d3dc784e', 3),
('442000199110015778', '袁俊智', 'adab7b701f23bb82014c8506d3dc784e', 3),
('442000197501240869', '袁敏华', 'adab7b701f23bb82014c8506d3dc784e', 3),
('44088219870506882X', '袁晓燕', 'adab7b701f23bb82014c8506d3dc784e', 3),
('442000197711225712', '袁永康', 'adab7b701f23bb82014c8506d3dc784e', 3),
('442000199111205725', '袁泳燕', 'adab7b701f23bb82014c8506d3dc784e', 3),
('442000198107095725', '袁美芬', 'adab7b701f23bb82014c8506d3dc784e', 3),
('452128197604212012', '覃弟安', 'adab7b701f23bb82014c8506d3dc784e', 3),
('452523198107025624', '覃旭凤', 'adab7b701f23bb82014c8506d3dc784e', 3),
('442000199311232795', '覃超杰', 'adab7b701f23bb82014c8506d3dc784e', 3),
('445122198105130642', '詹惠娟', 'adab7b701f23bb82014c8506d3dc784e', 3),
('445122198806210610', '詹日昌', 'adab7b701f23bb82014c8506d3dc784e', 3),
('445122199109300623', '詹晓迪', 'adab7b701f23bb82014c8506d3dc784e', 3),
('440106196803271078', '詹泽曙', 'adab7b701f23bb82014c8506d3dc784e', 3),
('440804198905200603', '许华娟', 'adab7b701f23bb82014c8506d3dc784e', 3),
('440229198401291016', '许国鹏', 'adab7b701f23bb82014c8506d3dc784e', 3),
('445222198307060334', '许彦斌', 'adab7b701f23bb82014c8506d3dc784e', 3),
('431023198208061534', '许检会', 'adab7b701f23bb82014c8506d3dc784e', 3),
('440204197811016410', '许潜', 'adab7b701f23bb82014c8506d3dc784e', 3),
('442000199303072955', '谈其伟', 'adab7b701f23bb82014c8506d3dc784e', 3),
('430603196712223077', '谢小东', 'adab7b701f23bb82014c8506d3dc784e', 3),
('360302198903240011', '谢彬', 'adab7b701f23bb82014c8506d3dc784e', 3),
('445122198305170024', '谢梅钰', 'adab7b701f23bb82014c8506d3dc784e', 3),
('440204197810023723', '谢瑞华', 'adab7b701f23bb82014c8506d3dc784e', 3),
('442000198806085702', '谭世聪', 'adab7b701f23bb82014c8506d3dc784e', 3),
('442000197906277651', '谭卫标', 'adab7b701f23bb82014c8506d3dc784e', 3),
('442000198911038406', '谭嘉慧', 'adab7b701f23bb82014c8506d3dc784e', 3),
('442000199106062096', '谭家成', 'adab7b701f23bb82014c8506d3dc784e', 3),
('362430198709014873', '贺文杰', 'adab7b701f23bb82014c8506d3dc784e', 3),
('432522198912012981', '贺花', 'adab7b701f23bb82014c8506d3dc784e', 3),
('421302199411167702', '贺莉', 'adab7b701f23bb82014c8506d3dc784e', 3),
('440921198502167118', '赖光耀', 'adab7b701f23bb82014c8506d3dc784e', 3),
('440224198903200514', '赖凯威', 'adab7b701f23bb82014c8506d3dc784e', 3),
('440921198404050039', '赖庭轩', 'adab7b701f23bb82014c8506d3dc784e', 3),
('441427198912180018', '赖潜', 'adab7b701f23bb82014c8506d3dc784e', 3),
('441621199002283816', '赖焕滔', 'adab7b701f23bb82014c8506d3dc784e', 3),
('610426198308083021', '赵凡', 'adab7b701f23bb82014c8506d3dc784e', 3),
('450322197310096512', '赵宇', 'adab7b701f23bb82014c8506d3dc784e', 3),
('440203197908271817', '赵猛', 'adab7b701f23bb82014c8506d3dc784e', 3),
('440802197306240817', '赵秉雄', 'adab7b701f23bb82014c8506d3dc784e', 3),
('442000199309272341', '连浩文', 'adab7b701f23bb82014c8506d3dc784e', 3),
('440784198711240646', '邓丽玲', 'adab7b701f23bb82014c8506d3dc784e', 3),
('44200019890827570X', '邓佩怡', 'adab7b701f23bb82014c8506d3dc784e', 3),
('442000199311195752', '邓俊华', 'adab7b701f23bb82014c8506d3dc784e', 3),
('44128319900510426X', '邓健欣', 'adab7b701f23bb82014c8506d3dc784e', 3),
('442000199306257357', '邓华坤', 'adab7b701f23bb82014c8506d3dc784e', 3),
('442000198605310918', '邓建文', 'adab7b701f23bb82014c8506d3dc784e', 3),
('441283198809061045', '邓惠仪', 'adab7b701f23bb82014c8506d3dc784e', 3),
('440711198010143925', '邓敏(大)', 'adab7b701f23bb82014c8506d3dc784e', 3),
('43022319841009724X', '邓敏(小)', 'adab7b701f23bb82014c8506d3dc784e', 3),
('441881198810297418', '邓景赛', 'adab7b701f23bb82014c8506d3dc784e', 3),
('441283198705101065', '邓梅芳', 'adab7b701f23bb82014c8506d3dc784e', 3),
('442000198611204652', '邓煌华', 'adab7b701f23bb82014c8506d3dc784e', 3),
('442000197006120712', '邓维钦', 'adab7b701f23bb82014c8506d3dc784e', 3),
('442000198110125454', '邓钊林', 'adab7b701f23bb82014c8506d3dc784e', 3),
('44098119900618194X', '邱汶娴', 'adab7b701f23bb82014c8506d3dc784e', 3),
('445102198705231417', '邱泽楷', 'adab7b701f23bb82014c8506d3dc784e', 3),
('440782199210110335', '郑东', 'adab7b701f23bb82014c8506d3dc784e', 3),
('441622198304163061', '郑丽丽', 'adab7b701f23bb82014c8506d3dc784e', 3),
('442000198808270047', '郑丽莹', 'adab7b701f23bb82014c8506d3dc784e', 3),
('442000199012276616', '郑举亮', 'adab7b701f23bb82014c8506d3dc784e', 3),
('320105196201260239', '郑亚贤', 'adab7b701f23bb82014c8506d3dc784e', 3),
('44200019891211233X', '郑冠能', 'adab7b701f23bb82014c8506d3dc784e', 3),
('442000198112048384', '郑家茵', 'adab7b701f23bb82014c8506d3dc784e', 3),
('442000198811180421', '郑敏炫', 'adab7b701f23bb82014c8506d3dc784e', 3),
('445122198211040026', '郑晓芬', 'adab7b701f23bb82014c8506d3dc784e', 3),
('44200019910824001X', '郑智斌', 'adab7b701f23bb82014c8506d3dc784e', 3),
('442000198501037654', '郑永毅', 'adab7b701f23bb82014c8506d3dc784e', 3),
('442000198704101302', '郑淑敏', 'adab7b701f23bb82014c8506d3dc784e', 3),
('442000197306077664', '郑燕芬', 'adab7b701f23bb82014c8506d3dc784e', 3),
('442000197311020726', '郑燕雯', 'adab7b701f23bb82014c8506d3dc784e', 3),
('442000198703050021', '郑碧莹', 'adab7b701f23bb82014c8506d3dc784e', 3),
('442000199202140920', '郑美婷', 'adab7b701f23bb82014c8506d3dc784e', 3),
('442000197607112347', '郑韵绮', 'adab7b701f23bb82014c8506d3dc784e', 3),
('232127197301112615', '郑鸿鹏', 'adab7b701f23bb82014c8506d3dc784e', 3),
('442000199202068391', '郭俊杰', 'adab7b701f23bb82014c8506d3dc784e', 3),
('442000198011041765', '郭嘉榆', 'adab7b701f23bb82014c8506d3dc784e', 3),
('442000197410147669', '郭嘉谊', 'adab7b701f23bb82014c8506d3dc784e', 3),
('442000198403063314', '郭均宇', 'adab7b701f23bb82014c8506d3dc784e', 3),
('440882198907286198', '郭堪宏', 'adab7b701f23bb82014c8506d3dc784e', 3),
('442000199007110910', '郭建华', 'adab7b701f23bb82014c8506d3dc784e', 3),
('442000198910107158', '郭文福', 'adab7b701f23bb82014c8506d3dc784e', 3),
('442000198710137387', '郭晓珊', 'adab7b701f23bb82014c8506d3dc784e', 3),
('442000199306212618', '郭景明', 'adab7b701f23bb82014c8506d3dc784e', 3),
('441521198310078515', '郭泽民', 'adab7b701f23bb82014c8506d3dc784e', 3),
('442000198310027357', '郭润球', 'adab7b701f23bb82014c8506d3dc784e', 3),
('442000198601058372', '郭绍炜', 'adab7b701f23bb82014c8506d3dc784e', 3),
('442000197506157650', '郭锐钦', 'adab7b701f23bb82014c8506d3dc784e', 3),
('442000199208270961', '郭静雯', 'adab7b701f23bb82014c8506d3dc784e', 3),
('370121197502267411', '金伟', 'adab7b701f23bb82014c8506d3dc784e', 3),
('440204197008154718', '钟建明', 'adab7b701f23bb82014c8506d3dc784e', 3),
('441481199404222720', '钟思婷', 'adab7b701f23bb82014c8506d3dc784e', 3),
('511011197209137633', '钟朝才', 'adab7b701f23bb82014c8506d3dc784e', 3),
('440981198902242224', '钟水妹', 'adab7b701f23bb82014c8506d3dc784e', 3),
('441621198307196428', '钟燕花', 'adab7b701f23bb82014c8506d3dc784e', 3),
('440402199403289134', '钟经旻', 'adab7b701f23bb82014c8506d3dc784e', 3),
('460028196211080012', '钟继军', 'adab7b701f23bb82014c8506d3dc784e', 3),
('44200019881222422X', '钟莹珊', 'adab7b701f23bb82014c8506d3dc784e', 3),
('44042119930101821X', '钟金鑫', 'adab7b701f23bb82014c8506d3dc784e', 3),
('445302199104212726', '钱月玲', 'adab7b701f23bb82014c8506d3dc784e', 3),
('442000199203196635', '阮志恒', 'adab7b701f23bb82014c8506d3dc784e', 3),
('44200019880111085X', '阮海宏', 'adab7b701f23bb82014c8506d3dc784e', 3),
('442000198802086601', '阮绮珊', 'adab7b701f23bb82014c8506d3dc784e', 3),
('442000198812222347', '阮雪婷', 'adab7b701f23bb82014c8506d3dc784e', 3);
INSERT INTO `users` (`user_id`, `username`, `password`, `permission`) VALUES
('442000198405186617', '阮霭行', 'adab7b701f23bb82014c8506d3dc784e', 3),
('442000197912280320', '阮露苗', 'adab7b701f23bb82014c8506d3dc784e', 3),
('431028198601022031', '阳成彦', 'adab7b701f23bb82014c8506d3dc784e', 3),
('342123197708056934', '陆迪海', 'adab7b701f23bb82014c8506d3dc784e', 3),
('442000197402010339', '陈万良', 'adab7b701f23bb82014c8506d3dc784e', 3),
('44152119830204821X', '陈伊文', 'adab7b701f23bb82014c8506d3dc784e', 3),
('441521198808308250', '陈伊达', 'adab7b701f23bb82014c8506d3dc784e', 3),
('44250119660316451X', '陈俊光', 'adab7b701f23bb82014c8506d3dc784e', 3),
('442000198910040918', '陈俊杰', 'adab7b701f23bb82014c8506d3dc784e', 3),
('442000199408232038', '陈健强', 'adab7b701f23bb82014c8506d3dc784e', 3),
('440902197910281215', '陈兴', 'adab7b701f23bb82014c8506d3dc784e', 3),
('442000198611308849', '陈冰仪', 'adab7b701f23bb82014c8506d3dc784e', 3),
('442000198709112406', '陈凤娟', 'adab7b701f23bb82014c8506d3dc784e', 3),
('442000198702160026', '陈凯芝', 'adab7b701f23bb82014c8506d3dc784e', 3),
('445221198207071945', '陈剑云', 'adab7b701f23bb82014c8506d3dc784e', 3),
('442000197908210549', '陈剑敏', 'adab7b701f23bb82014c8506d3dc784e', 3),
('442000199107074072', '陈剑斌', 'adab7b701f23bb82014c8506d3dc784e', 3),
('421022198707095212', '陈力', 'adab7b701f23bb82014c8506d3dc784e', 3),
('513021197611297672', '陈古勇', 'adab7b701f23bb82014c8506d3dc784e', 3),
('150421198012012424', '陈向丽', 'adab7b701f23bb82014c8506d3dc784e', 3),
('510231197407033312', '陈启健', 'adab7b701f23bb82014c8506d3dc784e', 3),
('442000199402203797', '陈嘉伟', 'adab7b701f23bb82014c8506d3dc784e', 3),
('441721198005114031', '陈圣守', 'adab7b701f23bb82014c8506d3dc784e', 3),
('440881198908203116', '陈坤明', 'adab7b701f23bb82014c8506d3dc784e', 3),
('360732199309126448', '陈婵', 'adab7b701f23bb82014c8506d3dc784e', 3),
('440804199202260225', '陈婷', 'adab7b701f23bb82014c8506d3dc784e', 3),
('440902198507050411', '陈学超', 'adab7b701f23bb82014c8506d3dc784e', 3),
('441881197808066675', '陈定班', 'adab7b701f23bb82014c8506d3dc784e', 3),
('441481199409256479', '陈宪强', 'adab7b701f23bb82014c8506d3dc784e', 3),
('442000199104210921', '陈家敏', 'adab7b701f23bb82014c8506d3dc784e', 3),
('441781199008192239', '陈家福', 'adab7b701f23bb82014c8506d3dc784e', 3),
('442000199207071012', '陈家辉', 'adab7b701f23bb82014c8506d3dc784e', 3),
('442000197803230850', '陈展宏', 'adab7b701f23bb82014c8506d3dc784e', 3),
('441521198912268252', '陈彦立', 'adab7b701f23bb82014c8506d3dc784e', 3),
('440923198912306865', '陈彩英', 'adab7b701f23bb82014c8506d3dc784e', 3),
('362301199009120525', '陈忆楼', 'adab7b701f23bb82014c8506d3dc784e', 3),
('440785199204280011', '陈志伟', 'adab7b701f23bb82014c8506d3dc784e', 3),
('44023319840126002x', '陈思艳', 'adab7b701f23bb82014c8506d3dc784e', 3),
('442000198009011583', '陈悦娟', 'adab7b701f23bb82014c8506d3dc784e', 3),
('442000198204011589', '陈悦嫦', 'adab7b701f23bb82014c8506d3dc784e', 3),
('440723197002112812', '陈振光', 'adab7b701f23bb82014c8506d3dc784e', 3),
('442000197806298383', '陈文晖', 'adab7b701f23bb82014c8506d3dc784e', 3),
('44512219820129003X', '陈旭煌', 'adab7b701f23bb82014c8506d3dc784e', 3),
('440982198607036109', '陈春妃', 'adab7b701f23bb82014c8506d3dc784e', 3),
('445122198707235249', '陈晓娜', 'adab7b701f23bb82014c8506d3dc784e', 3),
('445281198911041949', '陈晓娜B', 'adab7b701f23bb82014c8506d3dc784e', 3),
('445221199206281961', '陈晓纯', 'adab7b701f23bb82014c8506d3dc784e', 3),
('440582199004177212', '陈晓辉', 'adab7b701f23bb82014c8506d3dc784e', 3),
('440522197503124312', '陈桂延', 'adab7b701f23bb82014c8506d3dc784e', 3),
('440221196308061654', '陈正新', 'adab7b701f23bb82014c8506d3dc784e', 3),
('441522197808090652', '陈水僯', 'adab7b701f23bb82014c8506d3dc784e', 3),
('441423199210042373', '陈浩', 'adab7b701f23bb82014c8506d3dc784e', 3),
('441324199406183320', '陈淑华', 'adab7b701f23bb82014c8506d3dc784e', 3),
('44058219860217544x', '陈瀚妍', 'adab7b701f23bb82014c8506d3dc784e', 3),
('442000198412288152', '陈炜壕', 'adab7b701f23bb82014c8506d3dc784e', 3),
('520181198812113329', '陈燕娥', 'adab7b701f23bb82014c8506d3dc784e', 3),
('622727199202283544', '陈玉泉', 'adab7b701f23bb82014c8506d3dc784e', 3),
('44200019780429838x', '陈瑞娴', 'adab7b701f23bb82014c8506d3dc784e', 3),
('441424199004181387', '陈碧娟', 'adab7b701f23bb82014c8506d3dc784e', 3),
('422406197901066237', '陈祖发', 'adab7b701f23bb82014c8506d3dc784e', 3),
('442000199211118928', '陈秋彦', 'adab7b701f23bb82014c8506d3dc784e', 3),
('440823198807060135', '陈粤河', 'adab7b701f23bb82014c8506d3dc784e', 3),
('445121198808014529', '陈素珍', 'adab7b701f23bb82014c8506d3dc784e', 3),
('441424198204284829', '陈红霞', 'adab7b701f23bb82014c8506d3dc784e', 3),
('440583198605161648', '陈绿纯', 'adab7b701f23bb82014c8506d3dc784e', 3),
('44200019920823838X', '陈美群', 'adab7b701f23bb82014c8506d3dc784e', 3),
('441824197805141521', '陈美霞', 'adab7b701f23bb82014c8506d3dc784e', 3),
('44200019820913422X', '陈翠芬', 'adab7b701f23bb82014c8506d3dc784e', 3),
('441622198306207179', '陈荣金', 'adab7b701f23bb82014c8506d3dc784e', 3),
('441521198603040027', '陈菲菲', 'adab7b701f23bb82014c8506d3dc784e', 3),
('445281198903090046', '陈蔼婷', 'adab7b701f23bb82014c8506d3dc784e', 3),
('430624198808287551', '陈超', 'adab7b701f23bb82014c8506d3dc784e', 3),
('430482198905080379', '陈适', 'adab7b701f23bb82014c8506d3dc784e', 3),
('440823199010196512', '陈锐智', 'adab7b701f23bb82014c8506d3dc784e', 3),
('445224198909053951', '陈镇基', 'adab7b701f23bb82014c8506d3dc784e', 3),
('442000197910268395', '陈雪充', 'adab7b701f23bb82014c8506d3dc784e', 3),
('440923198608260559', '陈鹏国', 'adab7b701f23bb82014c8506d3dc784e', 3),
('421023198008127533', '雷松', 'adab7b701f23bb82014c8506d3dc784e', 3),
('441723198801271313', '雷自均', 'adab7b701f23bb82014c8506d3dc784e', 3),
('442000198710154259', '霍均昌', 'adab7b701f23bb82014c8506d3dc784e', 3),
('442000199410032991', '霍星强', 'adab7b701f23bb82014c8506d3dc784e', 3),
('442000199303244032', '霍智森', 'adab7b701f23bb82014c8506d3dc784e', 3),
('412724198802063008', '靳亚娟', 'adab7b701f23bb82014c8506d3dc784e', 3),
('440203198812051822', '韩静雯', 'adab7b701f23bb82014c8506d3dc784e', 3),
('430402197601291517', '颜平', 'adab7b701f23bb82014c8506d3dc784e', 3),
('442000199201182942', '颜美良', 'adab7b701f23bb82014c8506d3dc784e', 3),
('440882199309019318', '马康武', 'adab7b701f23bb82014c8506d3dc784e', 3),
('232321197801200411', '马志刚', 'adab7b701f23bb82014c8506d3dc784e', 3),
('630102197202140421', '马毅梅', 'adab7b701f23bb82014c8506d3dc784e', 3),
('44200019790916234x', '马锦莲', 'adab7b701f23bb82014c8506d3dc784e', 3),
('442000199207122801', '高佩珊', 'adab7b701f23bb82014c8506d3dc784e', 3),
('442000198703070014', '高俊坚', 'adab7b701f23bb82014c8506d3dc784e', 3),
('442000199109027341', '高健怡', 'adab7b701f23bb82014c8506d3dc784e', 3),
('442000199211274250', '高健祥', 'adab7b701f23bb82014c8506d3dc784e', 3),
('440182199501252410', '高嘉俊', 'adab7b701f23bb82014c8506d3dc784e', 3),
('23040319940618081X', '高彦康', 'adab7b701f23bb82014c8506d3dc784e', 3),
('442000199002090949', '高慧芬', 'adab7b701f23bb82014c8506d3dc784e', 3),
('442000198709220052', '高松浩', 'adab7b701f23bb82014c8506d3dc784e', 3),
('441424198703121602', '魏婷燕', 'adab7b701f23bb82014c8506d3dc784e', 3),
('442000197904160011', '魏建鸿', 'adab7b701f23bb82014c8506d3dc784e', 3),
('441425197507260201', '魏海鸥', 'adab7b701f23bb82014c8506d3dc784e', 3),
('442000197910102045', '魏素贞', 'adab7b701f23bb82014c8506d3dc784e', 3),
('210402198305103861', '鲁成华', 'adab7b701f23bb82014c8506d3dc784e', 3),
('44200019940918615X', '麦俊杰', 'adab7b701f23bb82014c8506d3dc784e', 3),
('442000198710214637', '麦文钊', 'adab7b701f23bb82014c8506d3dc784e', 3),
('442000197711157684', '麦昭妍', 'adab7b701f23bb82014c8506d3dc784e', 3),
('442000199011235310', '麦智伟', 'adab7b701f23bb82014c8506d3dc784e', 3),
('440881198905280423', '黄一君', 'adab7b701f23bb82014c8506d3dc784e', 3),
('452502198912155876', '黄世吉', 'adab7b701f23bb82014c8506d3dc784e', 3),
('442000197505311783', '黄丽', 'adab7b701f23bb82014c8506d3dc784e', 3),
('442000198308091288', '黄丽珊', 'adab7b701f23bb82014c8506d3dc784e', 3),
('44200019910226765X', '黄伟俊', 'adab7b701f23bb82014c8506d3dc784e', 3),
('442000199101146119', '黄伟浩', 'adab7b701f23bb82014c8506d3dc784e', 3),
('440902197312091219', '黄伟达', 'adab7b701f23bb82014c8506d3dc784e', 3),
('442000199205098385', '黄佩欣', 'adab7b701f23bb82014c8506d3dc784e', 3),
('440825198205052365', '黄兰花', 'adab7b701f23bb82014c8506d3dc784e', 3),
('445224198603130635', '黄利群', 'adab7b701f23bb82014c8506d3dc784e', 3),
('441781198411174140', '黄华洁', 'adab7b701f23bb82014c8506d3dc784e', 3),
('442000198311104086', '黄嘉宝', 'adab7b701f23bb82014c8506d3dc784e', 3),
('442000198904267665', '黄嘉欣', 'adab7b701f23bb82014c8506d3dc784e', 3),
('44200019870128086x', '黄婉红', 'adab7b701f23bb82014c8506d3dc784e', 3),
('44010619741218406X', '黄宇华', 'adab7b701f23bb82014c8506d3dc784e', 3),
('442000199205120554', '黄家杰', 'adab7b701f23bb82014c8506d3dc784e', 3),
('440221198004050314', '黄少鹏', 'adab7b701f23bb82014c8506d3dc784e', 3),
('442000197601271582', '黄巧荣', 'adab7b701f23bb82014c8506d3dc784e', 3),
('442000198509288407', '黄彦彦', 'adab7b701f23bb82014c8506d3dc784e', 3),
('44200019741126092X', '黄彩体', 'adab7b701f23bb82014c8506d3dc784e', 3),
('450422198909170256', '黄彬家', 'adab7b701f23bb82014c8506d3dc784e', 3),
('442000197412280316', '黄志刚', 'adab7b701f23bb82014c8506d3dc784e', 3),
('442000198611022816', '黄志良', 'adab7b701f23bb82014c8506d3dc784e', 3),
('442000198906186105', '黄惠连', 'adab7b701f23bb82014c8506d3dc784e', 3),
('442000198701060023', '黄敏华', 'adab7b701f23bb82014c8506d3dc784e', 3),
('44098219871209102X', '黄敏慧', 'adab7b701f23bb82014c8506d3dc784e', 3),
('442000199312090047', '黄文锶', 'adab7b701f23bb82014c8506d3dc784e', 3),
('442000198910200862', '黄斯慧', 'adab7b701f23bb82014c8506d3dc784e', 3),
('442000198401070860', '黄斯杭', 'adab7b701f23bb82014c8506d3dc784e', 3),
('442000197406111276', '黄日明', 'adab7b701f23bb82014c8506d3dc784e', 3),
('441522199103212743', '黄映玲', 'adab7b701f23bb82014c8506d3dc784e', 3),
('411327198307284512', '黄晓会', 'adab7b701f23bb82014c8506d3dc784e', 3),
('44200019900426130X', '黄晓嫣', 'adab7b701f23bb82014c8506d3dc784e', 3),
('442000197708260867', '黄曼妍', 'adab7b701f23bb82014c8506d3dc784e', 3),
('442000199004037340', '黄杏凤', 'adab7b701f23bb82014c8506d3dc784e', 3),
('445121199010015631', '黄楚标', 'adab7b701f23bb82014c8506d3dc784e', 3),
('445381199103203911', '黄永健', 'adab7b701f23bb82014c8506d3dc784e', 3),
('442000199210127179', '黄汝荣', 'adab7b701f23bb82014c8506d3dc784e', 3),
('440620196910310065', '黄泳贤', 'adab7b701f23bb82014c8506d3dc784e', 3),
('445122198912023245', '黄海霞', 'adab7b701f23bb82014c8506d3dc784e', 3),
('442000199202023804', '黄淑敏', 'adab7b701f23bb82014c8506d3dc784e', 3),
('441881198109285048', '黄琴', 'adab7b701f23bb82014c8506d3dc784e', 3),
('442000198912196617', '黄瑞权', 'adab7b701f23bb82014c8506d3dc784e', 3),
('442000199211251606', '黄紫红', 'adab7b701f23bb82014c8506d3dc784e', 3),
('440921198208294247', '黄红梅', 'adab7b701f23bb82014c8506d3dc784e', 3),
('442000198202188428', '黄绮婷', 'adab7b701f23bb82014c8506d3dc784e', 3),
('441702199005241730', '黄维攀', 'adab7b701f23bb82014c8506d3dc784e', 3),
('442000198601240860', '黄美斯', 'adab7b701f23bb82014c8506d3dc784e', 3),
('44200019881031423X', '黄荣华', 'adab7b701f23bb82014c8506d3dc784e', 3),
('441481199101255509', '黄萍', 'adab7b701f23bb82014c8506d3dc784e', 3),
('442000197903140852', '黄远', 'adab7b701f23bb82014c8506d3dc784e', 3),
('442000198002044059', '黄锐贤', 'adab7b701f23bb82014c8506d3dc784e', 3),
('442000199610160648', '黄雅颖', 'adab7b701f23bb82014c8506d3dc784e', 3),
('442000198912310854', '黄顺安', 'adab7b701f23bb82014c8506d3dc784e', 3),
('442000199003317105', '黎倚琴', 'adab7b701f23bb82014c8506d3dc784e', 3),
('442000198711304239', '黎冠祥', 'adab7b701f23bb82014c8506d3dc784e', 3),
('440224198708062275', '黎剑文', 'adab7b701f23bb82014c8506d3dc784e', 3),
('442000198503244251', '黎炎南', 'adab7b701f23bb82014c8506d3dc784e', 3),
('445321198811270321', '黎绮敏', 'adab7b701f23bb82014c8506d3dc784e', 3),
('442000198610064694', '黎邢', 'adab7b701f23bb82014c8506d3dc784e', 3),
('441702199202021411', '黎金明', 'adab7b701f23bb82014c8506d3dc784e', 3),
('442000197907028382', '龙容妹', 'adab7b701f23bb82014c8506d3dc784e', 3),
('123456', 'lyj', 'adab7b701f23bb82014c8506d3dc784e', 0);

--
-- Indexes for dumped tables
--

--
-- Indexes for table `holiday`
--
ALTER TABLE `holiday`
  ADD PRIMARY KEY (`name`);

--
-- Indexes for table `plan`
--
ALTER TABLE `plan`
  ADD PRIMARY KEY (`user_id`);
